path,file_type,size_bytes,source,destination,sha256
configs/codellama_stage1_config.json,json,684,DGX (~/VishResearch/KSERESNET_RS/) or generated locally this session,KSERESNET_RS_JSS/configs/codellama_stage1_config.json,b988f9cd5b87868ef4e5a5d3c8ac0340ddf7948ca3ea4952547e959abdbc3ff5
configs/deepseek_r1_7b_config.json,json,1287,DGX (~/VishResearch/KSERESNET_RS/) or generated locally this session,KSERESNET_RS_JSS/configs/deepseek_r1_7b_config.json,8db0ea5b9401cd0eadd3f4703df9ff49d01890026a1bbf8e340dd9c54523e97f
configs/deepseek_r1_7b_stage1_config.json,json,765,DGX (~/VishResearch/KSERESNET_RS/) or generated locally this session,KSERESNET_RS_JSS/configs/deepseek_r1_7b_stage1_config.json,fc408e65284ebf21c6b4e06652a372e54968f9a3fb83d928ed863edc44da879e
configs/ministral_8b_config.json,json,784,DGX (~/VishResearch/KSERESNET_RS/) or generated locally this session,KSERESNET_RS_JSS/configs/ministral_8b_config.json,977bcbb0623d05c94f7b92e1394d5583b4f8e3af6eda6a7acfb35a7458b65235
configs/ministral_8b_stage1_config.json,json,668,DGX (~/VishResearch/KSERESNET_RS/) or generated locally this session,KSERESNET_RS_JSS/configs/ministral_8b_stage1_config.json,3efd6b14b8d270b6401eba00880769083545696e30010a2e8b32534a1ce14858
configs/octocoder_stage1_config.json,json,697,DGX (~/VishResearch/KSERESNET_RS/) or generated locally this session,KSERESNET_RS_JSS/configs/octocoder_stage1_config.json,06a35f122df4265634ed3c38542905b51f954606cdec07e40ea7d4e6a5e8a413
configs/qwen3_8b_arsf_train_config.json,json,659,DGX (~/VishResearch/KSERESNET_RS/) or generated locally this session,KSERESNET_RS_JSS/configs/qwen3_8b_arsf_train_config.json,eedc5a943c85aa401f65429fd62f81e1f465155dd77bf9179278cbdc8c087526
configs/qwen3_8b_config.json,json,777,DGX (~/VishResearch/KSERESNET_RS/) or generated locally this session,KSERESNET_RS_JSS/configs/qwen3_8b_config.json,0bbd8ee54aeefcf17c39df9b451ccd5827006b6fbfecfba302de129f73f254d7
configs/qwen3_8b_stage1_config.json,json,660,DGX (~/VishResearch/KSERESNET_RS/) or generated locally this session,KSERESNET_RS_JSS/configs/qwen3_8b_stage1_config.json,fadcfe315ae8d697be2233b631fbd0569e322119b49246845606df1f2321faeb
configs/qwen3_8b_test_full_config.json,json,671,DGX (~/VishResearch/KSERESNET_RS/) or generated locally this session,KSERESNET_RS_JSS/configs/qwen3_8b_test_full_config.json,97c5d9879199ff1652a048eb5073ed2731113bef35bcd0658c896d4b5b17cc39
configs/qwen3_8b_val_full_config.json,json,670,DGX (~/VishResearch/KSERESNET_RS/) or generated locally this session,KSERESNET_RS_JSS/configs/qwen3_8b_val_full_config.json,a47a1150b304eb37114e76fca19ca019827dbebf2839c56ed6f4569a50028555
data/arsf_train_subset_ids.json,json,126995,DGX (~/VishResearch/KSERESNET_RS/) or generated locally this session,KSERESNET_RS_JSS/data/arsf_train_subset_ids.json,e67ecd097fe3f7ca22752b52bc3b5bf4a1037ecbf67988046c8578228c5a7d6b
data/deepseek_r1_7b_pipeline_validation.json,json,43156,DGX (~/VishResearch/KSERESNET_RS/) or generated locally this session,KSERESNET_RS_JSS/data/deepseek_r1_7b_pipeline_validation.json,d339890d8c2baaed2739649bf7087ca459e61942b2d588e1ae7c45bcb43160da
data/features.json,json,12778052,DGX (~/VishResearch/KSERESNET_RS/) or generated locally this session,KSERESNET_RS_JSS/data/features.json,2826e1cfed3752a879a39c50792256d750d3e256e4b31ed5bd45d37bc0e2a94f
data/gbdt_G_scores.json,json,2056137,DGX (~/VishResearch/KSERESNET_RS/) or generated locally this session,KSERESNET_RS_JSS/data/gbdt_G_scores.json,4eb84eaa749555de78669b4158ea042015097cb859ac4834d53391fb0711f25d
data/kseresnet_hidden_test.json,json,4892366,DGX (~/VishResearch/KSERESNET_RS/) or generated locally this session,KSERESNET_RS_JSS/data/kseresnet_hidden_test.json,ceb2dcf4c8191dbf5f5cee122d6efed7ffb5cf7ae75214dc019c841b7c5a8375
data/kseresnet_hidden_train_subset.json,json,2717204,DGX (~/VishResearch/KSERESNET_RS/) or generated locally this session,KSERESNET_RS_JSS/data/kseresnet_hidden_train_subset.json,9ae08c3754770ce763820997466fc731db65cce1ebf31c7745125bef5890edc6
data/kseresnet_hidden_val.json,json,4890237,DGX (~/VishResearch/KSERESNET_RS/) or generated locally this session,KSERESNET_RS_JSS/data/kseresnet_hidden_val.json,588e76d60f631a7fa912eefd0e482f315fd4a1d7c0e600cda8eea498cf45152e
data/kseresnet_R_scores.json,json,4543422,DGX (~/VishResearch/KSERESNET_RS/) or generated locally this session,KSERESNET_RS_JSS/data/kseresnet_R_scores.json,045f18cc9ccc7d699627dbc5c50078fc349c1dbd2ec546652d93f0b27f21f49e
data/kseresnet_R_scores.stale_prefix_bug.json.bak,bak,4564371,DGX (~/VishResearch/KSERESNET_RS/) or generated locally this session,KSERESNET_RS_JSS/data/kseresnet_R_scores.stale_prefix_bug.json.bak,a36a5d1623a065f7c2fd7a37444043911c1dc3812e5045c34f29c96f159a765e
data/ministral_8b_pipeline_validation.json,json,54826,DGX (~/VishResearch/KSERESNET_RS/) or generated locally this session,KSERESNET_RS_JSS/data/ministral_8b_pipeline_validation.json,a178f4f3fdb86c94a83aac6bc301437682ee5c919be5c16d870219c7ac53aa9c
data/qwen3_8b_pipeline_validation.json,json,48180,DGX (~/VishResearch/KSERESNET_RS/) or generated locally this session,KSERESNET_RS_JSS/data/qwen3_8b_pipeline_validation.json,ed61245e58f8cadb7d5a1373308cf03cd7d99b80b8220ea465186eee54fd8d99
data/split_leakage_audit.json,json,521,DGX (~/VishResearch/KSERESNET_RS/) or generated locally this session,KSERESNET_RS_JSS/data/split_leakage_audit.json,e79f7933a26e9713eefe510eafb9ab30d6a9c8b6bc76e9946d4ed433646f4c41
data/split_test_ids.json,json,228713,DGX (~/VishResearch/KSERESNET_RS/) or generated locally this session,KSERESNET_RS_JSS/data/split_test_ids.json,73e4280ff9500e07bb5a1ef79525da0cdbef7f86b584ad04720018e57c7c144a
data/split_train_ids.json,json,685802,DGX (~/VishResearch/KSERESNET_RS/) or generated locally this session,KSERESNET_RS_JSS/data/split_train_ids.json,0843beca4bc39012af4358dfc81f9633abebbc02f9725699274343240fc0156b
data/split_val_ids.json,json,228705,DGX (~/VishResearch/KSERESNET_RS/) or generated locally this session,KSERESNET_RS_JSS/data/split_val_ids.json,cbd4e786b89dab5ff697e509ec26013c3990663e03cc650ca9fdd338dd49e85f
data/stage1_1000_ids.json,json,31761,DGX (~/VishResearch/KSERESNET_RS/) or generated locally this session,KSERESNET_RS_JSS/data/stage1_1000_ids.json,bff80b06dd733ee4ca77f595ad159422cbe355b85b62116061a7e15a4e728e5d
logs/ollama_dedicated.log,log,32345,DGX (~/VishResearch/KSERESNET_RS/) or generated locally this session,KSERESNET_RS_JSS/logs/ollama_dedicated.log,72b04e3d169e0c324c706c831773ed2565a330f818c01c50c1ff368db43d1311
logs/ollama_dedicated2.log,log,102485,DGX (~/VishResearch/KSERESNET_RS/) or generated locally this session,KSERESNET_RS_JSS/logs/ollama_dedicated2.log,b47d35f503694b80c96585729fa8126034f80d0a8decf203fbd5a5b01d40003e
logs/qwen3_8b_arsf_train_run.log,log,6074,DGX (~/VishResearch/KSERESNET_RS/) or generated locally this session,KSERESNET_RS_JSS/logs/qwen3_8b_arsf_train_run.log,965a69fd2911718ddf92a90f5035d3ef10617b980bb1e9aadaa684db3d5eb7fd
logs/resource_log_deepseek_r1_7b_profiled.csv,csv,389991,DGX (~/VishResearch/KSERESNET_RS/) or generated locally this session,KSERESNET_RS_JSS/logs/resource_log_deepseek_r1_7b_profiled.csv,89622fb366a8306ef7b7d3689e72a96cedba384098bb72bc0dd95f1f2b0122bb
logs/resource_log_deepseek_r1_7b_stage1.csv,csv,176859,DGX (~/VishResearch/KSERESNET_RS/) or generated locally this session,KSERESNET_RS_JSS/logs/resource_log_deepseek_r1_7b_stage1.csv,90e4242e1d1bc37eabccf797e6f20706b095e54d8e0e8b65f2246b41f5376f01
logs/resource_log_deepseek_r1_validation.csv,csv,17821,DGX (~/VishResearch/KSERESNET_RS/) or generated locally this session,KSERESNET_RS_JSS/logs/resource_log_deepseek_r1_validation.csv,6d1e078c3522f2504dd248f7e2552f6d062079e2aff9f3f5143e35a0ceea62d5
logs/resource_log_ministral_8b_profiled.csv,csv,8291,DGX (~/VishResearch/KSERESNET_RS/) or generated locally this session,KSERESNET_RS_JSS/logs/resource_log_ministral_8b_profiled.csv,35cb83839b9433636ebbd553222f2324451aa205da08a323053020ec22b93044
logs/resource_log_ministral_8b_stage1.csv,csv,46299,DGX (~/VishResearch/KSERESNET_RS/) or generated locally this session,KSERESNET_RS_JSS/logs/resource_log_ministral_8b_stage1.csv,f69b1f6d7af377ee6f13b1fcaab9fe4e19ac1c2084916a828ee75f2da3c8e3e2
logs/resource_log_qwen3_8b_profiled.csv,csv,7028,DGX (~/VishResearch/KSERESNET_RS/) or generated locally this session,KSERESNET_RS_JSS/logs/resource_log_qwen3_8b_profiled.csv,f2665c0e158c69986abfe6c8e677dc1ea98aa06b871f6ce131d07e3b47aba33d
logs/resource_log_qwen3_8b_stage1.csv,csv,50528,DGX (~/VishResearch/KSERESNET_RS/) or generated locally this session,KSERESNET_RS_JSS/logs/resource_log_qwen3_8b_stage1.csv,5c4871231ccbd010ac222aa226f9218bfcab276b20dd12bd414243e4938da9ad
logs/vllm_deepseek_r1_7b.log,log,292624,DGX (~/VishResearch/KSERESNET_RS/) or generated locally this session,KSERESNET_RS_JSS/logs/vllm_deepseek_r1_7b.log,8ed3de4a7e0cc38287c379eeed082d885f3028b0b65ebb1c6fc0d6926b9f400a
logs/vllm_deepseek_r1_7b_run2.log,log,3088330,DGX (~/VishResearch/KSERESNET_RS/) or generated locally this session,KSERESNET_RS_JSS/logs/vllm_deepseek_r1_7b_run2.log,9c2160764c5431c273dc91af0587274072ba728f51a296f24ecc5b770df503a5
logs/vllm_ministral_8b.log,log,248279,DGX (~/VishResearch/KSERESNET_RS/) or generated locally this session,KSERESNET_RS_JSS/logs/vllm_ministral_8b.log,4f5862f7194571b4da71339a3289b7ef630e47e66681c77c2f15344bfafafcd4
logs/vllm_ministral_8b_run2.log,log,247858,DGX (~/VishResearch/KSERESNET_RS/) or generated locally this session,KSERESNET_RS_JSS/logs/vllm_ministral_8b_run2.log,d86e5b69e417f0483fa4086848a725920b4fc3f31bde211c62bdb8ea35c96ea3
logs/vllm_ministral_8b_stage1.log,log,2348619,DGX (~/VishResearch/KSERESNET_RS/) or generated locally this session,KSERESNET_RS_JSS/logs/vllm_ministral_8b_stage1.log,520639b47911bba1bdd40c2b328611ea7b2f7850dcdd0d9eb70625028dfa89f7
logs/vllm_qwen3_8b.log,log,254634,DGX (~/VishResearch/KSERESNET_RS/) or generated locally this session,KSERESNET_RS_JSS/logs/vllm_qwen3_8b.log,95f9c211d1d284020b33c4a41aca6d07a483035f15c00c030a818b685528c3ff
logs/vllm_qwen3_8b_run2.log,log,253281,DGX (~/VishResearch/KSERESNET_RS/) or generated locally this session,KSERESNET_RS_JSS/logs/vllm_qwen3_8b_run2.log,b3d27fa4402c7b6e3ce208327fad8d729e5bac0035cf7938a301f43158b598c1
logs/vllm_qwen3_8b_stage1.log,log,2410519,DGX (~/VishResearch/KSERESNET_RS/) or generated locally this session,KSERESNET_RS_JSS/logs/vllm_qwen3_8b_stage1.log,e55e646f8b942de3cb5eb0bd52bf5208ec1e11273cfd0cdf9568c5b2f49055e8
models/b4_gbdt/b4_gbdt.json,json,1025755,DGX (~/VishResearch/KSERESNET_RS/) or generated locally this session,KSERESNET_RS_JSS/models/b4_gbdt/b4_gbdt.json,382edc38778eaf6e0739b587a002c8a1f75938aa0001273bc65e042f0418cc46
models/kseresnet_native/competition_2026_pb2.py,py,2711,DGX (~/VishResearch/KSERESNET_RS/) or generated locally this session,KSERESNET_RS_JSS/models/kseresnet_native/competition_2026_pb2.py,2e310ce480e83f45ea8ae15cb7324eb6be1106ab48cfbf31fc69e0c1cba39b9c
models/kseresnet_native/competition_2026_pb2_grpc.py,py,6908,DGX (~/VishResearch/KSERESNET_RS/) or generated locally this session,KSERESNET_RS_JSS/models/kseresnet_native/competition_2026_pb2_grpc.py,99e8b6acf1f078a47f0f3a13326355194260e379a8c9a499a62a6c7ea6958b11
models/kseresnet_native/kseresnet_native_best.pt,pt,563017,DGX (~/VishResearch/KSERESNET_RS/) or generated locally this session,KSERESNET_RS_JSS/models/kseresnet_native/kseresnet_native_best.pt,8392224b2210b7115a5816286c2765cb7cbc1b7024bcdd362d504c3a646c4f76
models/kseresnet_native/kseresnet_native_server.py,py,5020,DGX (~/VishResearch/KSERESNET_RS/) or generated locally this session,KSERESNET_RS_JSS/models/kseresnet_native/kseresnet_native_server.py,e401a190f41a41971ff1527e8344e30efc79678043bc91d688a90c09ce5a2099
models/kseresnet_native/serve.log,log,69,DGX (~/VishResearch/KSERESNET_RS/) or generated locally this session,KSERESNET_RS_JSS/models/kseresnet_native/serve.log,1852fa483b1a43785421e412c453d8b4485ee22b6b3fb3fd6ecb9527aad3e4fe
models/kseresnet_native/logs/resource_log_training.csv,csv,4498,DGX (~/VishResearch/KSERESNET_RS/) or generated locally this session,KSERESNET_RS_JSS/models/kseresnet_native/logs/resource_log_training.csv,7fb8ca854c4e6f1bb2128cb618aab767d8231fd9c64e3eb81ac7d213a59b8f8f
models/kseresnet_native/logs/train.log,log,3777,DGX (~/VishResearch/KSERESNET_RS/) or generated locally this session,KSERESNET_RS_JSS/models/kseresnet_native/logs/train.log,ee7231dca198c847f876bc9e006ea6d2c0c2c5e24c983ce20713be3bd11e54fd
models/kseresnet_original/competition_2026_pb2.py,py,2711,DGX (~/VishResearch/KSERESNET_RS/) or generated locally this session,KSERESNET_RS_JSS/models/kseresnet_original/competition_2026_pb2.py,2e310ce480e83f45ea8ae15cb7324eb6be1106ab48cfbf31fc69e0c1cba39b9c
models/kseresnet_original/competition_2026_pb2_grpc.py,py,6908,DGX (~/VishResearch/KSERESNET_RS/) or generated locally this session,KSERESNET_RS_JSS/models/kseresnet_original/competition_2026_pb2_grpc.py,99e8b6acf1f078a47f0f3a13326355194260e379a8c9a499a62a6c7ea6958b11
models/kseresnet_original/crash_model.pth,pth,561201,DGX (~/VishResearch/KSERESNET_RS/) or generated locally this session,KSERESNET_RS_JSS/models/kseresnet_original/crash_model.pth,e71fbbfe672f95380c21ac6f7d51021767417eb411978d9d3ab523c7ad1d6a97
models/kseresnet_original/main.py,py,5181,DGX (~/VishResearch/KSERESNET_RS/) or generated locally this session,KSERESNET_RS_JSS/models/kseresnet_original/main.py,2a0a5441790359d81bac03bbee359ff96391a6d8b389309d16e54a0e9d6677b3
models/kseresnet_original/server.log,log,0,DGX (~/VishResearch/KSERESNET_RS/) or generated locally this session,KSERESNET_RS_JSS/models/kseresnet_original/server.log,e3b0c44298fc1c149afbf4c8996fb92427ae41e4649b934ca495991b7852b855
results/alpha_sweep.csv,csv,11769,DGX (~/VishResearch/KSERESNET_RS/) or generated locally this session,KSERESNET_RS_JSS/results/alpha_sweep.csv,c0bf346fb0e2fd568fb4ec8cab4fb2a9a8a6a6effc6f796db9c48dc05cc05dac
results/alpha_sweep_baselines.json,json,5513,DGX (~/VishResearch/KSERESNET_RS/) or generated locally this session,KSERESNET_RS_JSS/results/alpha_sweep_baselines.json,c790674c6c39143b74ee187db23293debdd94380a1fd8f2e7cd3dd4d40833948
results/alpha_sweep_fdc.json,json,28113,DGX (~/VishResearch/KSERESNET_RS/) or generated locally this session,KSERESNET_RS_JSS/results/alpha_sweep_fdc.json,c8f7fc391fd813c42af4b546ab6c5dc168b1217cb8b646ccdc5c20e653cea135
results/alpha_sweep_plots.png,png,210347,DGX (~/VishResearch/KSERESNET_RS/) or generated locally this session,KSERESNET_RS_JSS/results/alpha_sweep_plots.png,05a0ea524516dd4fd9c1cb31efe5189d4dcfaa657d586216f35219354845738d
results/alpha_sweep_report.md,md,6945,DGX (~/VishResearch/KSERESNET_RS/) or generated locally this session,KSERESNET_RS_JSS/results/alpha_sweep_report.md,c56aaf00d9d5ecfe473d12b070cfb293617cee9bb5d3724bcef7c3d7233e8791
results/alpha_sweep_summary.json,json,12657,DGX (~/VishResearch/KSERESNET_RS/) or generated locally this session,KSERESNET_RS_JSS/results/alpha_sweep_summary.json,2cd786357a8c76711ec513756da80c7b89b5437a688d061a3beec0b1879c698d
results/arsf_ablation.csv,csv,3670,DGX (~/VishResearch/KSERESNET_RS/) or generated locally this session,KSERESNET_RS_JSS/results/arsf_ablation.csv,5c32c9b1908ef103eb06e7cfb2726eeb48ef5f3d0961fde1d93f2e22400292ae
results/arsf_complementarity.json,json,1429,DGX (~/VishResearch/KSERESNET_RS/) or generated locally this session,KSERESNET_RS_JSS/results/arsf_complementarity.json,dba538a9cc30fdfaaa8ade932732d9e36538b34603e5acc1d5c48841813175e7
results/arsf_fig1_apfd.png,png,57080,DGX (~/VishResearch/KSERESNET_RS/) or generated locally this session,KSERESNET_RS_JSS/results/arsf_fig1_apfd.png,4394e35d2cafc5fdeb3aaa67a5a8a293d81a5855a5739536694801d7bd04159f
results/arsf_fig2_apfdc.png,png,57534,DGX (~/VishResearch/KSERESNET_RS/) or generated locally this session,KSERESNET_RS_JSS/results/arsf_fig2_apfdc.png,f00b25d3ef3ff99f129d9cf3250caa7b54c4f77166d668448cd6a4a129495ab6
results/arsf_fig3_failure_discovery.png,png,133648,DGX (~/VishResearch/KSERESNET_RS/) or generated locally this session,KSERESNET_RS_JSS/results/arsf_fig3_failure_discovery.png,ce9c0a1579ceec33d9e40dd7aca2cb4e593ace07b813b81d4f227c22c4c5df8c
results/arsf_fig4_gate_distribution.png,png,49564,DGX (~/VishResearch/KSERESNET_RS/) or generated locally this session,KSERESNET_RS_JSS/results/arsf_fig4_gate_distribution.png,2f39b9557bd0c9add4abfd2cc5a55bff826192747621d162ee13fa9e49d7d863
results/arsf_fig5_gate_vs_scores.png,png,779837,DGX (~/VishResearch/KSERESNET_RS/) or generated locally this session,KSERESNET_RS_JSS/results/arsf_fig5_gate_vs_scores.png,731e7090aec9c26cc2424b3c95335206a1fbde6ecc5064c10e04a1a2ccbe0829
results/arsf_final_comparison.csv,csv,1330,DGX (~/VishResearch/KSERESNET_RS/) or generated locally this session,KSERESNET_RS_JSS/results/arsf_final_comparison.csv,25dfa5aed1b3816f86b7fb5a49fe2411cb1ece994cfc8e515dafa97242df3294
results/arsf_final_complementarity.json,json,2106,DGX (~/VishResearch/KSERESNET_RS/) or generated locally this session,KSERESNET_RS_JSS/results/arsf_final_complementarity.json,cc9c3f7cca4df623a7c352dc49b4f67f59530443463365db66bf8fa57ed82208
results/arsf_final_failure_discovery_curves.csv,csv,1455,DGX (~/VishResearch/KSERESNET_RS/) or generated locally this session,KSERESNET_RS_JSS/results/arsf_final_failure_discovery_curves.csv,4a2013392ef00eb4897b9c86f2820d3fa56217ddb82ac78ff44cf8a60cf583f9
results/arsf_final_failure_discovery_curves_full.json,json,247365,DGX (~/VishResearch/KSERESNET_RS/) or generated locally this session,KSERESNET_RS_JSS/results/arsf_final_failure_discovery_curves_full.json,670f6522726bfed97c5aef64c5c20fbae74ea760ebb1713f6a1f0aa38bbe818b
results/arsf_final_fig1_apfd.png,png,49092,DGX (~/VishResearch/KSERESNET_RS/) or generated locally this session,KSERESNET_RS_JSS/results/arsf_final_fig1_apfd.png,441ea5c2146985dd8326c4292323273645fa372a9302a61790374cef7966b060
results/arsf_final_fig2_apfdc.png,png,50099,DGX (~/VishResearch/KSERESNET_RS/) or generated locally this session,KSERESNET_RS_JSS/results/arsf_final_fig2_apfdc.png,986857b0c5ead4e792d04b5b0c1e5a0dcea13b0a95c9b14a516cdb0fd2b1a713
results/arsf_final_fig3_precision_recall.png,png,162350,DGX (~/VishResearch/KSERESNET_RS/) or generated locally this session,KSERESNET_RS_JSS/results/arsf_final_fig3_precision_recall.png,640a85908a50d617d0d5c70fa93ab4c05b09472efd3d9be396324374f0dc104b
results/arsf_final_fig4_ndcg.png,png,67232,DGX (~/VishResearch/KSERESNET_RS/) or generated locally this session,KSERESNET_RS_JSS/results/arsf_final_fig4_ndcg.png,8e20673d532179f03f762b0ba614b3dea422bc3cddc28c19d778e661b9a54d47
results/arsf_final_fig5_failure_discovery.png,png,129346,DGX (~/VishResearch/KSERESNET_RS/) or generated locally this session,KSERESNET_RS_JSS/results/arsf_final_fig5_failure_discovery.png,d4fa390f1b44e4eb86852138ebf6ebd8c0ecdc03ded4ebaa1ef03fab1beb3157
results/arsf_final_fig6_arsf_vs_fixed.png,png,48361,DGX (~/VishResearch/KSERESNET_RS/) or generated locally this session,KSERESNET_RS_JSS/results/arsf_final_fig6_arsf_vs_fixed.png,bbe67aa624598772533cec165eed0917a75fbafd98b6839466a0c39ff453d747
results/arsf_final_fig7_generalization.png,png,80823,DGX (~/VishResearch/KSERESNET_RS/) or generated locally this session,KSERESNET_RS_JSS/results/arsf_final_fig7_generalization.png,e9ccafa05d1a60ce96991087293e71446414e62f8e047f582242d368efeef8df
results/arsf_final_gate_stats_test.json,json,319,DGX (~/VishResearch/KSERESNET_RS/) or generated locally this session,KSERESNET_RS_JSS/results/arsf_final_gate_stats_test.json,c4959bd6ab0c1668c4156a2d190d830d8a85db7df91303b1889d0b322fdc5190
results/arsf_final_statistical_tests.csv,csv,1532,DGX (~/VishResearch/KSERESNET_RS/) or generated locally this session,KSERESNET_RS_JSS/results/arsf_final_statistical_tests.csv,f76f066cf966ae554dfc09adc97b767c17ac053b071b69a2af1653ecb1e946aa
results/arsf_final_test_arrays.npz,npz,714107,DGX (~/VishResearch/KSERESNET_RS/) or generated locally this session,KSERESNET_RS_JSS/results/arsf_final_test_arrays.npz,075385c07e4abaf6066891dfc8925e221c338128d34c93fcebe6330ee14ad692
results/arsf_final_test_integrity_audit.json,json,1347,DGX (~/VishResearch/KSERESNET_RS/) or generated locally this session,KSERESNET_RS_JSS/results/arsf_final_test_integrity_audit.json,a3c3dd60e956a1adb79c9ce295aff8715508048a5b39cbb08a722f329b6656f3
results/arsf_final_test_metrics.csv,csv,1330,DGX (~/VishResearch/KSERESNET_RS/) or generated locally this session,KSERESNET_RS_JSS/results/arsf_final_test_metrics.csv,2a8f928227f86062a9cf4404d2694042519588410086ab4ddf09ff688e79c17c
results/arsf_final_test_metrics_with_ci.csv,csv,3560,DGX (~/VishResearch/KSERESNET_RS/) or generated locally this session,KSERESNET_RS_JSS/results/arsf_final_test_metrics_with_ci.csv,abf62615c9f8faa8dd38c4f7c7366bbca08829de14b3018bc308ae6370f7c0dc
results/ARSF_FINAL_TEST_REPORT.md,md,14138,DGX (~/VishResearch/KSERESNET_RS/) or generated locally this session,KSERESNET_RS_JSS/results/ARSF_FINAL_TEST_REPORT.md,1ad465cd239b9423448dffebb2289f7769594ca8f4e128368ae94a33035382d2
results/arsf_gate_analysis.json,json,1466,DGX (~/VishResearch/KSERESNET_RS/) or generated locally this session,KSERESNET_RS_JSS/results/arsf_gate_analysis.json,d3cff0934a7f5b12c9c76caf0fb041d7d3d4a58023c30b79310152547c3237ce
results/arsf_gate_seed42.pt,pt,11319,DGX (~/VishResearch/KSERESNET_RS/) or generated locally this session,KSERESNET_RS_JSS/results/arsf_gate_seed42.pt,b6c051ee090be8afb3d4bfc26ef4f020dfb00a562ff37bc48e96b1bd7d012d6f
results/arsf_gate_values.csv,csv,810663,DGX (~/VishResearch/KSERESNET_RS/) or generated locally this session,KSERESNET_RS_JSS/results/arsf_gate_values.csv,d01330b588ae17d7cef356a04a780a6de1b1d6ba2a30b471cb2b34d5e915a584
results/arsf_generalization_analysis.json,json,638,DGX (~/VishResearch/KSERESNET_RS/) or generated locally this session,KSERESNET_RS_JSS/results/arsf_generalization_analysis.json,ca0bf0e2ed15fe71773c4d0ec153475260847840d7b2f0f00caece4846c10dc2
results/arsf_key_comparisons.json,json,1979,DGX (~/VishResearch/KSERESNET_RS/) or generated locally this session,KSERESNET_RS_JSS/results/arsf_key_comparisons.json,ccd5f068a77d1e86820a1e8f84523b31b8c5590cce3a11b0c2a85b719c90dfa2
results/arsf_model_complexity.json,json,1138,DGX (~/VishResearch/KSERESNET_RS/) or generated locally this session,KSERESNET_RS_JSS/results/arsf_model_complexity.json,6b35834d739591deef7ea863497106c3e37ca00479543759aa57620f57e01964
results/arsf_objective_comparison.json,json,1445,DGX (~/VishResearch/KSERESNET_RS/) or generated locally this session,KSERESNET_RS_JSS/results/arsf_objective_comparison.json,39fc9deed59139de665ab262ed984bfb5df1c936cea5525a12a6385a5bb2fd17
results/arsf_report.md,md,16190,DGX (~/VishResearch/KSERESNET_RS/) or generated locally this session,KSERESNET_RS_JSS/results/arsf_report.md,7c0e4d08dd32ef22c6bf0f38de80beafdb9ab2c3dcded3549b9b83ba83ee4997
results/arsf_seed_results.csv,csv,317,DGX (~/VishResearch/KSERESNET_RS/) or generated locally this session,KSERESNET_RS_JSS/results/arsf_seed_results.csv,fe58a858a6fe6902024fcfb00d537e5f20ba18f7ba33c3f2d977d234f2d97647
results/arsf_seed_summary.json,json,350,DGX (~/VishResearch/KSERESNET_RS/) or generated locally this session,KSERESNET_RS_JSS/results/arsf_seed_summary.json,4e2fefef6f91bfeebff4d69e3afa23a915d0a937fd220bee5c703915ce487fce
results/arsf_training_configs.json,json,2590,DGX (~/VishResearch/KSERESNET_RS/) or generated locally this session,KSERESNET_RS_JSS/results/arsf_training_configs.json,494ec3e641f3ade117589c78424d7baa0d8a7d1bc34ff936c349d5f720e1070c
results/arsf_train_subset_audit.json,json,1084,DGX (~/VishResearch/KSERESNET_RS/) or generated locally this session,KSERESNET_RS_JSS/results/arsf_train_subset_audit.json,e354b259dbe61e5a7729ca787468720b621f013ec1a23046a8eee9dbfc72882b
results/arsf_validation_metrics.csv,csv,1320,DGX (~/VishResearch/KSERESNET_RS/) or generated locally this session,KSERESNET_RS_JSS/results/arsf_validation_metrics.csv,846a4df118d338b65df13c977728f2f94e9d5e89b138ab109715da6eaf3bea79
results/arsf_val_arrays.npz,npz,540040,DGX (~/VishResearch/KSERESNET_RS/) or generated locally this session,KSERESNET_RS_JSS/results/arsf_val_arrays.npz,ec8dbfc16994ad252455472ff824472d101a9004793bed25eaaf24aaab350a93
results/arsf_vs_fixed_fusion_stats.json,json,468,DGX (~/VishResearch/KSERESNET_RS/) or generated locally this session,KSERESNET_RS_JSS/results/arsf_vs_fixed_fusion_stats.json,c90c2fcb7303f8e0aa397b6e38aed36c7c8bb3324d6d36c9a5da386fe2929543
results/codellama_stage1_run.log,log,2712,DGX (~/VishResearch/KSERESNET_RS/) or generated locally this session,KSERESNET_RS_JSS/results/codellama_stage1_run.log,45e39cf2ed38543b43c679cd015bf8658bfcce427cf108050124a620f8452e24
results/complementarity.json,json,2361,DGX (~/VishResearch/KSERESNET_RS/) or generated locally this session,KSERESNET_RS_JSS/results/complementarity.json,1cf70127bbb432218d3778cf4ccd06cbab6bf062fcdc21a8457acb4dbef2b97c
results/complementarity_with_codellama.json,json,3146,DGX (~/VishResearch/KSERESNET_RS/) or generated locally this session,KSERESNET_RS_JSS/results/complementarity_with_codellama.json,5125e9f96dd5fd7dca475f1589bd89b38596f6c829cde8e4ff3f53403bedf2e5
results/environment.txt,txt,1197,DGX (~/VishResearch/KSERESNET_RS/) or generated locally this session,KSERESNET_RS_JSS/results/environment.txt,ba6fba3f79d8094f0597e67943b49f25f6d8060cfd954f4a009d361eb5cc197b
results/fig1_apfd_comparison.png,png,47811,DGX (~/VishResearch/KSERESNET_RS/) or generated locally this session,KSERESNET_RS_JSS/results/fig1_apfd_comparison.png,b5bf7c384b6dd252a3c309eb951d4f4b47203b9ccfd58fe69f1da0922e1483db
results/fig2_apfdc_comparison.png,png,49049,DGX (~/VishResearch/KSERESNET_RS/) or generated locally this session,KSERESNET_RS_JSS/results/fig2_apfdc_comparison.png,668d202cc30f8b4315a5123e9afb5c75d1669475dcb129118e9d03e846b18473
results/fig3b_failure_discovery_curve_zoom.png,png,128544,DGX (~/VishResearch/KSERESNET_RS/) or generated locally this session,KSERESNET_RS_JSS/results/fig3b_failure_discovery_curve_zoom.png,254cbfdeb41fcd87e7566119c262e05faff8f474d8c45dfc7e98ec9883ed3250
results/fig3_failure_discovery_curve.png,png,120771,DGX (~/VishResearch/KSERESNET_RS/) or generated locally this session,KSERESNET_RS_JSS/results/fig3_failure_discovery_curve.png,8ad5426f983e3a4d601c09e1e0bcb973b70f48b46744e18cb4399c450e556ee7
results/fig4_precision_recall_vs_budget.png,png,143627,DGX (~/VishResearch/KSERESNET_RS/) or generated locally this session,KSERESNET_RS_JSS/results/fig4_precision_recall_vs_budget.png,33d7ab989c2052e9e2d494fc9b4649a5cbe311635bf9afea62419e9a5f95cc36
results/fig5_complementarity_venn.png,png,44031,DGX (~/VishResearch/KSERESNET_RS/) or generated locally this session,KSERESNET_RS_JSS/results/fig5_complementarity_venn.png,00160a6ed03e8a8fbe2b731ce5123a0f70edaa38b9211e3accfd3e1244aea5ce
results/fig6_rs_vs_kseresnet_improvement.png,png,50508,DGX (~/VishResearch/KSERESNET_RS/) or generated locally this session,KSERESNET_RS_JSS/results/fig6_rs_vs_kseresnet_improvement.png,39e5abf490d01bf76309e702920e3df8d0190ecae93473a08783d2d0dd9c5909
results/final_complementarity.json,json,1649,DGX (~/VishResearch/KSERESNET_RS/) or generated locally this session,KSERESNET_RS_JSS/results/final_complementarity.json,5ba9a7c9a3f75bb3303e910ec647e58f64a0a35e0f0cff0fb340b57fea1fc01d
results/final_cost_report.json,json,492,DGX (~/VishResearch/KSERESNET_RS/) or generated locally this session,KSERESNET_RS_JSS/results/final_cost_report.json,e6be3a48cd83e0f498b932360bf44f6a925284d9b1274afd1c7b6e476e73d49a
results/final_failure_discovery_curves.csv,csv,1209,DGX (~/VishResearch/KSERESNET_RS/) or generated locally this session,KSERESNET_RS_JSS/results/final_failure_discovery_curves.csv,20f8e1e1814b28972afd080f3f51daa047622c111e359ee218a713e7e2551646
results/final_failure_discovery_curves_full.json,json,205636,DGX (~/VishResearch/KSERESNET_RS/) or generated locally this session,KSERESNET_RS_JSS/results/final_failure_discovery_curves_full.json,6a8f47108e43a7d24160d36435931a071dfc94391ace4c40737da4803f953ea8
results/final_statistical_tests.csv,csv,1378,DGX (~/VishResearch/KSERESNET_RS/) or generated locally this session,KSERESNET_RS_JSS/results/final_statistical_tests.csv,0367bfb3736e59cebe01ea7ef8e0de19e6ea61e40b4b6c424fee2dd8a5c3fb9b
results/final_test_arrays.npz,npz,627155,DGX (~/VishResearch/KSERESNET_RS/) or generated locally this session,KSERESNET_RS_JSS/results/final_test_arrays.npz,7834ecc94aee837cf9a569b4304b668093a23fde305981d7d4d8ec104f484dea
results/final_test_integrity_audit.json,json,1128,DGX (~/VishResearch/KSERESNET_RS/) or generated locally this session,KSERESNET_RS_JSS/results/final_test_integrity_audit.json,a9401e97bac15e86a7d3456e39f8282553caca4ece82ba271f537db86ecee6fe
results/final_test_metrics.csv,csv,1125,DGX (~/VishResearch/KSERESNET_RS/) or generated locally this session,KSERESNET_RS_JSS/results/final_test_metrics.csv,6620841ca111fa501eaded3a7d06e2cb5bba8c5460eb4b884eec0fd29952c717
results/final_test_metrics_with_ci.csv,csv,3002,DGX (~/VishResearch/KSERESNET_RS/) or generated locally this session,KSERESNET_RS_JSS/results/final_test_metrics_with_ci.csv,14d86f1754ce7d2e81f8d9fa365be8f5729d66d27a077f1393c1affc82a0a9f9
results/FINAL_TEST_REPORT.md,md,10651,DGX (~/VishResearch/KSERESNET_RS/) or generated locally this session,KSERESNET_RS_JSS/results/FINAL_TEST_REPORT.md,11449fd4515f1043fd61c59262087029a157991ba9d2f7bddab7652e12d56771
results/nvidia_smi_mig_snapshot.txt,txt,11858,DGX (~/VishResearch/KSERESNET_RS/) or generated locally this session,KSERESNET_RS_JSS/results/nvidia_smi_mig_snapshot.txt,afd31f3f19d0f2f4bc7b58c3ea0f7f07e3a0e4d3a1e1c46ec2cfc42af3230d2c
results/nvidia_smi_snapshot.txt,txt,51854,DGX (~/VishResearch/KSERESNET_RS/) or generated locally this session,KSERESNET_RS_JSS/results/nvidia_smi_snapshot.txt,649d3df7b9995aa92de4bc02e62e5317b40e9dc0e3f1d5d7eb51f2e5b34619b0
results/octocoder_stage1_run.log,log,2611,DGX (~/VishResearch/KSERESNET_RS/) or generated locally this session,KSERESNET_RS_JSS/results/octocoder_stage1_run.log,286a0ddb6ad8d4c7000822d6de285a34655e93e4c21d65ef19f6cd3b032eb891
results/pip_freeze.txt,txt,10510,DGX (~/VishResearch/KSERESNET_RS/) or generated locally this session,KSERESNET_RS_JSS/results/pip_freeze.txt,87ddcd0e98a96da263e7085d040186ee637fd06918cb4017c8cec00a703cb38d
results/qwen3_8b_test_full_run.log,log,9748,DGX (~/VishResearch/KSERESNET_RS/) or generated locally this session,KSERESNET_RS_JSS/results/qwen3_8b_test_full_run.log,01cda25b1e1892f70cda7edb10af235652a252ca50535ee5656055a05fccac39
results/qwen3_8b_val_full_run.log,log,9687,DGX (~/VishResearch/KSERESNET_RS/) or generated locally this session,KSERESNET_RS_JSS/results/qwen3_8b_val_full_run.log,591cf873f39b9da9691463ca7f05ce44d2d60b5d474988ab3a9a5d99454eef92
results/ranking_correlation.csv,csv,774,DGX (~/VishResearch/KSERESNET_RS/) or generated locally this session,KSERESNET_RS_JSS/results/ranking_correlation.csv,e5b9b3afebd0c8a7457261f448fd476db89476fe7b413f171c1afe96b4023f5c
results/ranking_correlation_with_codellama.csv,csv,949,DGX (~/VishResearch/KSERESNET_RS/) or generated locally this session,KSERESNET_RS_JSS/results/ranking_correlation_with_codellama.csv,e074fa20dff62ad794e026527247f7918e855049b259dbaacfaf10735f40b5e3
results/raw_deepseek_r1_7b.json,json,160074,DGX (~/VishResearch/KSERESNET_RS/) or generated locally this session,KSERESNET_RS_JSS/results/raw_deepseek_r1_7b.json,06ded5b9c157f7f1bc4efc9108602881d5158d013fddf4f481ab02d8fc0a317e
results/raw_ministral_8b.json,json,111368,DGX (~/VishResearch/KSERESNET_RS/) or generated locally this session,KSERESNET_RS_JSS/results/raw_ministral_8b.json,7bfdfa883ed4d328ab312a38313f96b56061cc4abb08521d65beb1ce679b41b6
results/raw_qwen3_8b.json,json,97745,DGX (~/VishResearch/KSERESNET_RS/) or generated locally this session,KSERESNET_RS_JSS/results/raw_qwen3_8b.json,4546d625821168b74a0e99730766f8e6095b7a4f83f0f7a63fb48ec10a619743
results/resource_profile_codellama_stage1.csv,csv,128771,DGX (~/VishResearch/KSERESNET_RS/) or generated locally this session,KSERESNET_RS_JSS/results/resource_profile_codellama_stage1.csv,b09851aec164ebe6d3e1968d945338e54e0bd1e9e51307e5456c487f5ab62a90
results/resource_profile_deepseek_r1_7b.csv,csv,13272,DGX (~/VishResearch/KSERESNET_RS/) or generated locally this session,KSERESNET_RS_JSS/results/resource_profile_deepseek_r1_7b.csv,c9577b4dc669832699556714941a99f0f76aaef21b9f6d4b31f23d964cc91eb9
results/resource_profile_deepseek_r1_7b_stage1.csv,csv,131443,DGX (~/VishResearch/KSERESNET_RS/) or generated locally this session,KSERESNET_RS_JSS/results/resource_profile_deepseek_r1_7b_stage1.csv,5c36329c67b4f035aadcd8fe1fbef884f833a3c8c92403f69c4ebcfe8d462fe3
results/resource_profile_ministral_8b.csv,csv,13115,DGX (~/VishResearch/KSERESNET_RS/) or generated locally this session,KSERESNET_RS_JSS/results/resource_profile_ministral_8b.csv,67af899b4345c348ff7e9f54324c77917ad2a07f3535082015c6bde52c1ca7b6
results/resource_profile_ministral_8b_stage1.csv,csv,129915,DGX (~/VishResearch/KSERESNET_RS/) or generated locally this session,KSERESNET_RS_JSS/results/resource_profile_ministral_8b_stage1.csv,ac3e25cbc045d74165f1b0036cb65ead1553e765a373dba15fd2449127309d4c
results/resource_profile_octocoder_stage1.csv,csv,202890,DGX (~/VishResearch/KSERESNET_RS/) or generated locally this session,KSERESNET_RS_JSS/results/resource_profile_octocoder_stage1.csv,1ee75a6778183dc388b7a58656e24f78f5914d36ad7b7d8b8e26a17d5e12a2d6
results/resource_profile_qwen3_8b.csv,csv,14166,DGX (~/VishResearch/KSERESNET_RS/) or generated locally this session,KSERESNET_RS_JSS/results/resource_profile_qwen3_8b.csv,d440f19685c69107390cddb6d21212560d438e89b5718acac0abb65baddf6249
results/resource_profile_qwen3_8b_arsf_train.csv,csv,518677,DGX (~/VishResearch/KSERESNET_RS/) or generated locally this session,KSERESNET_RS_JSS/results/resource_profile_qwen3_8b_arsf_train.csv,7d94afa6583c87a92d87f05b3761ab0745526939bfb0219d718f2d02c659de4d
results/resource_profile_qwen3_8b_stage1.csv,csv,129771,DGX (~/VishResearch/KSERESNET_RS/) or generated locally this session,KSERESNET_RS_JSS/results/resource_profile_qwen3_8b_stage1.csv,8999ac21f3f5474504fb8dd78a8bb0d506c0c4c3573b9b10564d2ffaa813e9dc
results/resource_profile_qwen3_8b_test_full.csv,csv,934053,DGX (~/VishResearch/KSERESNET_RS/) or generated locally this session,KSERESNET_RS_JSS/results/resource_profile_qwen3_8b_test_full.csv,d516ff9204666122100fde6bfb0bc444b84bf718699ccba000bf6596d1e6e6a3
results/resource_profile_qwen3_8b_val_full.csv,csv,933239,DGX (~/VishResearch/KSERESNET_RS/) or generated locally this session,KSERESNET_RS_JSS/results/resource_profile_qwen3_8b_val_full.csv,0eae8300e15077dbd9daccc8335d34572f7571d65191a94d23838086f2efe928
results/resource_samples_deepseek_r1_7b.csv,csv,24490,DGX (~/VishResearch/KSERESNET_RS/) or generated locally this session,KSERESNET_RS_JSS/results/resource_samples_deepseek_r1_7b.csv,f2be869170dd4380f2ee75b751ad96ec1f2f17f9d33d3af6c68f810762b7cab4
results/resource_samples_ministral_8b.csv,csv,7291,DGX (~/VishResearch/KSERESNET_RS/) or generated locally this session,KSERESNET_RS_JSS/results/resource_samples_ministral_8b.csv,b37cfa0423e52130569974f6647feca6d8938e8361a89481583112d1a39b3493
results/resource_samples_qwen3_8b.csv,csv,6181,DGX (~/VishResearch/KSERESNET_RS/) or generated locally this session,KSERESNET_RS_JSS/results/resource_samples_qwen3_8b.csv,9fc9100dcb76827d2e7a95a2042adf27c366581409d529bc8b97d36f7252e8a9
results/stage1_ranking_quality.csv,csv,1906,DGX (~/VishResearch/KSERESNET_RS/) or generated locally this session,KSERESNET_RS_JSS/results/stage1_ranking_quality.csv,3c85d41bb713683a5029014b55afde0ac3c1f6d14e797dc2234a51240913da17
results/STAGE1_RANKING_QUALITY_REPORT.md,md,18374,DGX (~/VishResearch/KSERESNET_RS/) or generated locally this session,KSERESNET_RS_JSS/results/STAGE1_RANKING_QUALITY_REPORT.md,b0258f53f096c1d0240228c873d767c6f17df09005277c1921548a42d93ed172
results/stage1_ranking_quality_with_codellama.csv,csv,1683,DGX (~/VishResearch/KSERESNET_RS/) or generated locally this session,KSERESNET_RS_JSS/results/stage1_ranking_quality_with_codellama.csv,00b644e885f4ffcabf84495bac40bc891eb868b11c370431f934f0a3a2312dfe
results/summary_codellama_stage1.json,json,397,DGX (~/VishResearch/KSERESNET_RS/) or generated locally this session,KSERESNET_RS_JSS/results/summary_codellama_stage1.json,3a1c7659a999eefbab458ca8a65b14f3d4a016f913cbc07df39b79cb2425a588
results/summary_deepseek_r1_7b.json,json,1369,DGX (~/VishResearch/KSERESNET_RS/) or generated locally this session,KSERESNET_RS_JSS/results/summary_deepseek_r1_7b.json,1a5073db3fed94c3d808fbd03b0a3a6607d365b0867e42af0e45efbf0a6dfa8b
results/summary_deepseek_r1_7b_stage1.json,json,393,DGX (~/VishResearch/KSERESNET_RS/) or generated locally this session,KSERESNET_RS_JSS/results/summary_deepseek_r1_7b_stage1.json,8b4adda081cc1c28190b514f52b00105107336d8f4d23bce1cc68d2c3673287a
results/summary_ministral_8b.json,json,1348,DGX (~/VishResearch/KSERESNET_RS/) or generated locally this session,KSERESNET_RS_JSS/results/summary_ministral_8b.json,d28fdc3449d03660c0ba0d6e7064670a3e26f706fd5a9ce8e0ff1258bb194233
results/summary_ministral_8b_stage1.json,json,376,DGX (~/VishResearch/KSERESNET_RS/) or generated locally this session,KSERESNET_RS_JSS/results/summary_ministral_8b_stage1.json,535abd8147c79203163a9987e84efb3089a8a754dad07d8e4e9ef12f0443f891
results/summary_octocoder_stage1.json,json,380,DGX (~/VishResearch/KSERESNET_RS/) or generated locally this session,KSERESNET_RS_JSS/results/summary_octocoder_stage1.json,6f593aec21da78d53c0c0a66eb49eeda6c3be0b38aa14889145727059d571186
results/summary_qwen3_8b.json,json,1255,DGX (~/VishResearch/KSERESNET_RS/) or generated locally this session,KSERESNET_RS_JSS/results/summary_qwen3_8b.json,1000f86d8719d30370738d16b2ce01514d9d524843115882489eb566c5902798
results/summary_qwen3_8b_arsf_train.json,json,378,DGX (~/VishResearch/KSERESNET_RS/) or generated locally this session,KSERESNET_RS_JSS/results/summary_qwen3_8b_arsf_train.json,fb803a420efaaed890553b75e37e30f0313b859f78c270e2965c5c4f9a93a0cd
results/summary_qwen3_8b_stage1.json,json,371,DGX (~/VishResearch/KSERESNET_RS/) or generated locally this session,KSERESNET_RS_JSS/results/summary_qwen3_8b_stage1.json,9bf95af92be7093074e7a9af3c086149b6770c39e7fa9ba7d8aaddd18a7b1151
results/summary_qwen3_8b_test_full.json,json,379,DGX (~/VishResearch/KSERESNET_RS/) or generated locally this session,KSERESNET_RS_JSS/results/summary_qwen3_8b_test_full.json,2cce8ab67e529a633512f8c9a1a36db72eecbe623e2e1b341ccfc0e5067c69e2
results/summary_qwen3_8b_val_full.json,json,379,DGX (~/VishResearch/KSERESNET_RS/) or generated locally this session,KSERESNET_RS_JSS/results/summary_qwen3_8b_val_full.json,80d402bdaed461287958e56100db5461f216176fbbe72db8569d67c64dd28768
results/timing_feature_and_rank.json,json,314,DGX (~/VishResearch/KSERESNET_RS/) or generated locally this session,KSERESNET_RS_JSS/results/timing_feature_and_rank.json,7a4960c018346f0d74421a8b5d9c777abda418e9c270ee8eef2d1528fd001aec
results/rankings/codellama_7b_1000.csv,csv,42691,DGX (~/VishResearch/KSERESNET_RS/) or generated locally this session,KSERESNET_RS_JSS/results/rankings/codellama_7b_1000.csv,548ae1f4bd9fe546313469e93fc5ae33082cb4d6e21767e4ee9bdcd9e0234cbe
results/rankings/deepseek_r1_7b_1000.csv,csv,43139,DGX (~/VishResearch/KSERESNET_RS/) or generated locally this session,KSERESNET_RS_JSS/results/rankings/deepseek_r1_7b_1000.csv,644e9022ff2da31b30f8689068bacefc3f25effd1a1a11c3013ab41fccf2b6f6
results/rankings/gbdt_1000.csv,csv,58042,DGX (~/VishResearch/KSERESNET_RS/) or generated locally this session,KSERESNET_RS_JSS/results/rankings/gbdt_1000.csv,2c2e5834ffbc359af837892648092b4eb33706ac773282d6d8a55bb7e4a2a32e
results/rankings/kseresnet_1000.csv,csv,58529,DGX (~/VishResearch/KSERESNET_RS/) or generated locally this session,KSERESNET_RS_JSS/results/rankings/kseresnet_1000.csv,5cb8953f9a4b52a6ea8e7db12e4889ccc99417f1756f3fa5dc8725366e76831e
results/rankings/ministral_8b_1000.csv,csv,43204,DGX (~/VishResearch/KSERESNET_RS/) or generated locally this session,KSERESNET_RS_JSS/results/rankings/ministral_8b_1000.csv,fa466bedec3658177fefb86ef0ffe50b88a18ae811eb5d41cc5a3e290310b3c4
results/rankings/octocoder_1000.csv,csv,42691,DGX (~/VishResearch/KSERESNET_RS/) or generated locally this session,KSERESNET_RS_JSS/results/rankings/octocoder_1000.csv,491c28ab3ec7f002ff03fd3a22a2c06fca02350831c171962401b3049db91c87
results/rankings/qwen3_8b_1000.csv,csv,43691,DGX (~/VishResearch/KSERESNET_RS/) or generated locally this session,KSERESNET_RS_JSS/results/rankings/qwen3_8b_1000.csv,48d28ca89dfe36a9ed36ba643617bdf451ee805aa68ed9f5831da407e1ab5a65
results/rankings/qwen3_8b_arsf_train.csv,csv,177924,DGX (~/VishResearch/KSERESNET_RS/) or generated locally this session,KSERESNET_RS_JSS/results/rankings/qwen3_8b_arsf_train.csv,b95b6cb92662bbeda0d87033378e4e61e58d7c113f7cf5067e58b807b29e85a9
results/rankings/qwen3_8b_test_full.csv,csv,321308,DGX (~/VishResearch/KSERESNET_RS/) or generated locally this session,KSERESNET_RS_JSS/results/rankings/qwen3_8b_test_full.csv,dbb0f0c149554ec8d702484ca49d4838e922ef8301bbbe6267ad1b7370fb6862
results/rankings/qwen3_8b_val_full.csv,csv,321182,DGX (~/VishResearch/KSERESNET_RS/) or generated locally this session,KSERESNET_RS_JSS/results/rankings/qwen3_8b_val_full.csv,9d0f586e235d4251d8119df57b53cf58949e6e2e8e6b04b7f1885ddb5aa0d7b5
results/rankings/random_1000.csv,csv,42584,DGX (~/VishResearch/KSERESNET_RS/) or generated locally this session,KSERESNET_RS_JSS/results/rankings/random_1000.csv,1ded7abf0d44052fce89af08d239d76405883b6f19cea128be897863ebfee12d
results/rankings/results_rankings_qwen3_8b_arsf_train.csv,csv,177924,DGX (~/VishResearch/KSERESNET_RS/) or generated locally this session,KSERESNET_RS_JSS/results/rankings/results_rankings_qwen3_8b_arsf_train.csv,b95b6cb92662bbeda0d87033378e4e61e58d7c113f7cf5067e58b807b29e85a9
results/rankings/results_rankings_qwen3_8b_test_full.csv,csv,321308,DGX (~/VishResearch/KSERESNET_RS/) or generated locally this session,KSERESNET_RS_JSS/results/rankings/results_rankings_qwen3_8b_test_full.csv,dbb0f0c149554ec8d702484ca49d4838e922ef8301bbbe6267ad1b7370fb6862
results/rankings/results_rankings_qwen3_8b_val_full.csv,csv,321182,DGX (~/VishResearch/KSERESNET_RS/) or generated locally this session,KSERESNET_RS_JSS/results/rankings/results_rankings_qwen3_8b_val_full.csv,9d0f586e235d4251d8119df57b53cf58949e6e2e8e6b04b7f1885ddb5aa0d7b5
scripts/alpha_sweep.py,py,9928,DGX (~/VishResearch/KSERESNET_RS/) or generated locally this session,KSERESNET_RS_JSS/scripts/alpha_sweep.py,030644845bef4ff672082aa2468ad96e02b0ee59e3d49c68b7967a92a4f61f61
scripts/arsf_ablation.py,py,15436,DGX (~/VishResearch/KSERESNET_RS/) or generated locally this session,KSERESNET_RS_JSS/scripts/arsf_ablation.py,faf88cfab17a3f2216d48e28cd1ac22620744da6ccea4104f45f84e206456e87
scripts/arsf_final_test_evaluation.py,py,17562,DGX (~/VishResearch/KSERESNET_RS/) or generated locally this session,KSERESNET_RS_JSS/scripts/arsf_final_test_evaluation.py,353ef5552889b5e010b0e034019a792a2d5dcbcb84da215136392e9db1fee088
scripts/arsf_final_test_integrity_audit.py,py,4282,DGX (~/VishResearch/KSERESNET_RS/) or generated locally this session,KSERESNET_RS_JSS/scripts/arsf_final_test_integrity_audit.py,8da217af378d7e80a0589515b6df93b3b2bddb91931e6dc061e2b049a59c1452
scripts/arsf_hp_sweep.py,py,5447,DGX (~/VishResearch/KSERESNET_RS/) or generated locally this session,KSERESNET_RS_JSS/scripts/arsf_hp_sweep.py,a759916879000bed3ed34c6963d3a385cae496c348eb4363703cfc917b09bff1
scripts/arsf_train.py,py,17186,DGX (~/VishResearch/KSERESNET_RS/) or generated locally this session,KSERESNET_RS_JSS/scripts/arsf_train.py,e0e84b611b5c091be4ffef47436a5e7bd204452cbb474dcfdfd3366d4660d567
scripts/build_splits.py,py,8911,DGX (~/VishResearch/KSERESNET_RS/) or generated locally this session,KSERESNET_RS_JSS/scripts/build_splits.py,b1ad5634a1555cb4b4566c85d94ad3b3710df6fb692a18f386169d94ef70e762
scripts/build_stage1_pool.py,py,1240,DGX (~/VishResearch/KSERESNET_RS/) or generated locally this session,KSERESNET_RS_JSS/scripts/build_stage1_pool.py,638c9234cae989d5d2b54a44020035ffa9674e6892546c16fbf50eeff24afba1
scripts/competition_2026_pb2.py,py,2711,DGX (~/VishResearch/KSERESNET_RS/) or generated locally this session,KSERESNET_RS_JSS/scripts/competition_2026_pb2.py,2e310ce480e83f45ea8ae15cb7324eb6be1106ab48cfbf31fc69e0c1cba39b9c
scripts/competition_2026_pb2_grpc.py,py,6908,DGX (~/VishResearch/KSERESNET_RS/) or generated locally this session,KSERESNET_RS_JSS/scripts/competition_2026_pb2_grpc.py,99e8b6acf1f078a47f0f3a13326355194260e379a8c9a499a62a6c7ea6958b11
scripts/compute_features.py,py,3504,DGX (~/VishResearch/KSERESNET_RS/) or generated locally this session,KSERESNET_RS_JSS/scripts/compute_features.py,1148f808b0db197f5c538c031353ae5f183d6d51db12eedd2232b0fb81d4dc22
scripts/compute_ranking_metrics.py,py,12477,DGX (~/VishResearch/KSERESNET_RS/) or generated locally this session,KSERESNET_RS_JSS/scripts/compute_ranking_metrics.py,39a1f5b8801e5ac04b0f655f4cca4e6663e3d9878856ade05eb97773b38a05ac
scripts/container_main_official.py,py,5181,DGX (~/VishResearch/KSERESNET_RS/) or generated locally this session,KSERESNET_RS_JSS/scripts/container_main_official.py,2a0a5441790359d81bac03bbee359ff96391a6d8b389309d16e54a0e9d6677b3
scripts/correlation_analysis.py,py,3261,DGX (~/VishResearch/KSERESNET_RS/) or generated locally this session,KSERESNET_RS_JSS/scripts/correlation_analysis.py,669da27eb46c8276e54921fd53a4c37e3b35490070d8f694e1632d51e50bc5c9
scripts/extract_kseresnet_hidden.py,py,5046,DGX (~/VishResearch/KSERESNET_RS/) or generated locally this session,KSERESNET_RS_JSS/scripts/extract_kseresnet_hidden.py,45f353cf7b585e2efcf6df33f4d5b37d734bbc595ad6a4887118c6be84574855
scripts/FEATURE_SCHEMA.md,md,4101,DGX (~/VishResearch/KSERESNET_RS/) or generated locally this session,KSERESNET_RS_JSS/scripts/FEATURE_SCHEMA.md,fbf9887b2622ddfb2f1e08e1f319aac19118c78ef7783c1a452671bcb4135af3
scripts/final_test_evaluation.py,py,16693,DGX (~/VishResearch/KSERESNET_RS/) or generated locally this session,KSERESNET_RS_JSS/scripts/final_test_evaluation.py,2d1652d0478210d92f7bd6ec7fb20784a04b55c935dcc9b15f8fdee5e67b9a63
scripts/final_test_integrity_audit.py,py,3656,DGX (~/VishResearch/KSERESNET_RS/) or generated locally this session,KSERESNET_RS_JSS/scripts/final_test_integrity_audit.py,e41124351f2a9c92afba4434880af629af7813886a0ab6f12e251e730f756319
scripts/kseresnet_native_server.py,py,5020,DGX (~/VishResearch/KSERESNET_RS/) or generated locally this session,KSERESNET_RS_JSS/scripts/kseresnet_native_server.py,e401a190f41a41971ff1527e8344e30efc79678043bc91d688a90c09ce5a2099
scripts/llm_prompt_template.py,py,2504,DGX (~/VishResearch/KSERESNET_RS/) or generated locally this session,KSERESNET_RS_JSS/scripts/llm_prompt_template.py,eeea2febe90eba785daeb0971014944d85cd9d742491100a4bd0136682ff023c
scripts/monitor_resources.sh,sh,3753,DGX (~/VishResearch/KSERESNET_RS/) or generated locally this session,KSERESNET_RS_JSS/scripts/monitor_resources.sh,9fc0327da84c888f459eb383293dbb1ca90ce562d4dbcfc9a99a2ee5fbd4d935
scripts/parse_sensodat_xodr.py,py,4548,DGX (~/VishResearch/KSERESNET_RS/) or generated locally this session,KSERESNET_RS_JSS/scripts/parse_sensodat_xodr.py,56a47bebafa6e7dcb489be41361899c1e3f99f0bf1d1bf4822d07c06ff062216
scripts/profile_llm_validation.py,py,13633,DGX (~/VishResearch/KSERESNET_RS/) or generated locally this session,KSERESNET_RS_JSS/scripts/profile_llm_validation.py,b155a284156d8a06fa60aa1322926bf9313f03284fe9388c2ec136f59d35b7b4
scripts/rebuild_kseresnet_scores.py,py,3082,DGX (~/VishResearch/KSERESNET_RS/) or generated locally this session,KSERESNET_RS_JSS/scripts/rebuild_kseresnet_scores.py,5bdd3f8df46d860f64b35baf971ed7b48fdf86231c5cabc42e298eb795457b46
scripts/replicate_official_protocol.py,py,8285,DGX (~/VishResearch/KSERESNET_RS/) or generated locally this session,KSERESNET_RS_JSS/scripts/replicate_official_protocol.py,a62f76b5f719ad5eafb3a43860a832803f0a0b5878e57dd1e36d7f8e36fccba2
scripts/replicate_official_protocol_fixed.py,py,7063,DGX (~/VishResearch/KSERESNET_RS/) or generated locally this session,KSERESNET_RS_JSS/scripts/replicate_official_protocol_fixed.py,3fbd021075ad7a6c528e8f0de336551a1471fa37c204b92c8b52c6084fc42706
scripts/score_kseresnet_batch.py,py,5388,DGX (~/VishResearch/KSERESNET_RS/) or generated locally this session,KSERESNET_RS_JSS/scripts/score_kseresnet_batch.py,7b98cbbcf47dd4591b91eebdf2be772d7f05f2a3e39c8b270913bed60b9b34eb
scripts/score_llm_stage1.py,py,8934,DGX (~/VishResearch/KSERESNET_RS/) or generated locally this session,KSERESNET_RS_JSS/scripts/score_llm_stage1.py,a096f553c5b6230ac7fb2420993c266ad36bee5873a210b5fb834e5de99875ee
scripts/test_competitor_tools.py,py,4294,DGX (~/VishResearch/KSERESNET_RS/) or generated locally this session,KSERESNET_RS_JSS/scripts/test_competitor_tools.py,bdd285bf50efc65c2ec8370ce7ea95ffc50d0f26e3049d7dd35c9679551ea36c
scripts/train_gbdt.py,py,4618,DGX (~/VishResearch/KSERESNET_RS/) or generated locally this session,KSERESNET_RS_JSS/scripts/train_gbdt.py,79368bf3d0947f4dd003c42eff16cc3aaa3f89f9623d5b3e469975b2d3a1a877
scripts/train_kseresnet_native.py,py,8667,DGX (~/VishResearch/KSERESNET_RS/) or generated locally this session,KSERESNET_RS_JSS/scripts/train_kseresnet_native.py,6e140b75128d7ca3aabf43a0bf4e17ca465863eca10da7d4e12760b17d41ee31
scripts/validate_llm_pipeline.py,py,5445,DGX (~/VishResearch/KSERESNET_RS/) or generated locally this session,KSERESNET_RS_JSS/scripts/validate_llm_pipeline.py,517affce4f6e0d61bcc804be25e0e2885649ca3a5e9361fbd438e440e2f731ed
