timestamp,mig_mem_used_mib,mig_mem_total_mib,mig_mem_used_pct,gpu_power_draw_w,gpu_temp_c,sys_cpu_util_pct,sys_ram_used_mib,sys_ram_total_mib,sys_ram_used_pct,sys_load_1min
2026-08-30T17:28:46,38172,40192,95.0,55.28,40,12.4,111993,515804,21.7,29.80
2026-08-30T17:28:49,38172,40192,95.0,55.28,40,13.7,118158,515804,22.9,29.80
2026-08-30T17:28:51,38172,40192,95.0,55.56,40,17.9,108484,515804,21.0,28.85
2026-08-30T17:28:54,38172,40192,95.0,52.88,40,56.6,113132,515804,21.9,28.85
2026-08-30T17:28:56,38172,40192,95.0,56.10,40,19.4,114057,515804,22.1,27.42
2026-08-30T17:28:59,38172,40192,95.0,53.17,40,9.5,115537,515804,22.4,27.42
2026-08-30T17:29:02,38172,40192,95.0,55.34,40,33.8,137766,515804,26.7,26.19
2026-08-30T17:29:04,38172,40192,95.0,53.17,40,10.6,131643,515804,25.5,26.19
2026-08-30T17:29:07,38172,40192,95.0,76.11,41,10.2,131209,515804,25.4,25.13
2026-08-30T17:29:10,38172,40192,95.0,55.28,40,21.9,126880,515804,24.6,24.16
2026-08-30T17:29:13,38172,40192,95.0,55.28,40,10.7,127586,515804,24.7,24.16
2026-08-30T17:29:15,38172,40192,95.0,55.28,40,11.0,127327,515804,24.7,24.16
2026-08-30T17:29:18,38172,40192,95.0,55.56,40,10.7,122331,515804,23.7,23.50
2026-08-30T17:29:20,38172,40192,95.0,55.56,40,10.4,126914,515804,24.6,23.50
2026-08-30T17:29:22,38172,40192,95.0,55.04,40,10.5,132828,515804,25.8,23.06
2026-08-30T17:29:25,38172,40192,95.0,55.63,40,11.9,128680,515804,24.9,23.06
2026-08-30T17:29:27,38172,40192,95.0,55.56,40,55.8,121787,515804,23.6,32.67
2026-08-30T17:29:30,38172,40192,95.0,52.88,40,16.7,113669,515804,22.0,32.67
2026-08-30T17:29:32,38172,40192,95.0,55.56,40,12.8,113454,515804,22.0,31.25
2026-08-30T17:29:34,38172,40192,95.0,55.28,40,12.1,103455,515804,20.1,31.25
2026-08-30T17:29:37,38172,40192,95.0,55.56,40,10.0,105543,515804,20.5,29.95
2026-08-30T17:29:39,38172,40192,95.0,55.28,40,9.7,108890,515804,21.1,29.95
2026-08-30T17:29:42,38172,40192,95.0,55.28,40,10.3,116828,515804,22.6,28.51
2026-08-30T17:29:44,38172,40192,95.0,52.59,40,41.6,108947,515804,21.1,28.51
2026-08-30T17:29:47,38172,40192,95.0,55.04,40,41.0,121279,515804,23.5,27.59
2026-08-30T17:29:49,38172,40192,95.0,55.28,40,10.1,116428,515804,22.6,27.59
2026-08-30T17:29:52,38172,40192,95.0,53.17,40,9.7,116846,515804,22.7,26.50
2026-08-30T17:29:54,38172,40192,95.0,55.28,40,34.2,139002,515804,26.9,26.50
2026-08-30T17:29:57,38172,40192,95.0,52.88,40,11.2,132542,515804,25.7,25.58
2026-08-30T17:29:59,38172,40192,95.0,55.56,40,9.5,133264,515804,25.8,25.58
2026-08-30T17:30:02,38172,40192,95.0,55.28,40,21.1,134552,515804,26.1,24.41
2026-08-30T17:30:04,38172,40192,95.0,55.28,40,11.8,128744,515804,25.0,24.41
2026-08-30T17:30:06,38172,40192,95.0,53.17,40,11.3,127700,515804,24.8,23.66
2026-08-30T17:30:09,38172,40192,95.0,55.56,40,11.5,121016,515804,23.5,23.66
2026-08-30T17:30:11,38172,40192,95.0,55.56,40,12.1,126121,515804,24.5,22.97
2026-08-30T17:30:14,38172,40192,95.0,55.28,40,12.2,128168,515804,24.8,22.97
2026-08-30T17:30:16,38172,40192,95.0,54.00,40,13.0,135929,515804,26.4,22.41
2026-08-30T17:30:19,38172,40192,95.0,52.88,40,46.2,128073,515804,24.8,22.41
2026-08-30T17:30:22,38172,40192,95.0,55.56,40,23.4,116218,515804,22.5,21.97
2026-08-30T17:30:24,38172,40192,95.0,53.70,40,12.6,110006,515804,21.3,21.97
2026-08-30T17:30:26,38172,40192,95.0,55.63,40,10.1,109159,515804,21.2,21.26
2026-08-30T17:30:29,38172,40192,95.0,54.22,40,11.1,102579,515804,19.9,21.26
2026-08-30T17:30:31,38172,40192,95.0,54.82,40,9.6,108108,515804,21.0,20.51
2026-08-30T17:30:34,38172,40192,95.0,56.33,40,11.1,111955,515804,21.7,20.51
2026-08-30T17:30:36,38172,40192,95.0,53.76,40,10.3,119776,515804,23.2,19.91
2026-08-30T17:30:39,38172,40192,95.0,54.46,40,53.9,109906,515804,21.3,19.91
2026-08-30T17:30:41,38172,40192,95.0,52.94,40,37.7,123151,515804,23.9,29.69
2026-08-30T17:30:44,38172,40192,95.0,55.56,40,11.1,116891,515804,22.7,29.69
2026-08-30T17:30:46,38172,40192,95.0,55.28,40,9.5,117652,515804,22.8,28.19
2026-08-30T17:30:48,38172,40192,95.0,54.82,40,35.2,141532,515804,27.4,28.19
2026-08-30T17:30:51,38172,40192,95.0,55.56,40,12.4,133051,515804,25.8,26.90
2026-08-30T17:30:53,38172,40192,95.0,55.63,40,12.2,134019,515804,26.0,26.90
2026-08-30T17:30:56,38172,40192,95.0,53.47,40,19.6,131560,515804,25.5,36.43
2026-08-30T17:30:58,38172,40192,95.0,56.69,40,13.2,125149,515804,24.3,36.43
2026-08-30T17:31:01,38172,40192,95.0,54.75,40,10.2,124902,515804,24.2,34.88
2026-08-30T17:31:03,38172,40192,95.0,56.10,40,11.1,118255,515804,22.9,34.88
2026-08-30T17:31:06,38172,40192,95.0,55.56,40,9.7,122286,515804,23.7,33.20
