alpha,APFD,APFD_CI_lo,APFD_CI_hi,APFDc,APFDc_CI_lo,APFDc_CI_hi,P@100,P@100_CI_lo,P@100_CI_hi,P@500,P@500_CI_lo,P@500_CI_hi,P@1000,P@1000_CI_lo,P@1000_CI_hi,R@100,R@100_CI_lo,R@100_CI_hi,R@500,R@500_CI_lo,R@500_CI_hi,R@1000,R@1000_CI_lo,R@1000_CI_hi,NDCG@100,NDCG@100_CI_lo,NDCG@100_CI_hi,NDCG@500,NDCG@500_CI_lo,NDCG@500_CI_hi,NDCG@1000,NDCG@1000_CI_lo,NDCG@1000_CI_hi,rank_TTF,time_TTF
0.0,0.4538168598913982,0.5090950451842359,0.525863228677616,0.46918532807118235,0.5053469152520443,0.5254719064370635,0.69,0.65,0.82,0.522,0.526,0.616,0.261,0.44,0.502,0.0249728555917481,0.023412039025078362,0.02970305888856602,0.09446254071661238,0.09542729142286187,0.11143593244899859,0.09446254071661238,0.1604707650384134,0.18106614961712153,0.5874473417562615,0.6186458433698416,0.8163084021392772,0.5133918462569429,0.5434279777444204,0.6388094110929048,0.29427926311250385,0.46538108484371543,0.52884574300352,19,1841.5827040672302
0.05,0.6279313647325282,0.6198600925630908,0.6358508680712658,0.6325315522660236,0.6228569849195448,0.6418840587277211,0.73,0.64,0.82,0.624,0.584,0.6700499999999998,0.689,0.662,0.718,0.026420557365182774,0.023323402741268248,0.029677969244162012,0.11292073832790445,0.10560628244500746,0.12192496862359381,0.24936663047412233,0.23982578088780548,0.25975468816660113,0.7159234223582681,0.6214885680406097,0.8275226155015161,0.6339916594707711,0.5930732970255059,0.6843655665759675,0.6862173290085908,0.6584812215152147,0.7184842049745348,2,132.2915449142456
0.1,0.6279313647325282,0.6205156113724223,0.6365071775134042,0.6325315522660236,0.6237151495710466,0.6424739750394998,0.73,0.64,0.82,0.624,0.582,0.67,0.689,0.661,0.718,0.026420557365182774,0.023229900770502743,0.029671653976264287,0.11292073832790445,0.10554914896265394,0.12141059476678968,0.24936663047412233,0.23995329425801076,0.2604478197450131,0.7159234223582681,0.6234447377436323,0.8211579284132149,0.6339916594707711,0.5913446800614467,0.6828226722571947,0.6862173290085908,0.6570359881198862,0.7177773341234209,2,132.2915449142456
0.15,0.6281402413815372,0.6202284741367748,0.6363088779928562,0.6328488005114113,0.6236139390502002,0.6423307577446163,0.73,0.64,0.81,0.642,0.598,0.688,0.692,0.664,0.721,0.026420557365182774,0.023246954326516762,0.029501671682611804,0.11617806731813246,0.10830308343538118,0.12454453954833883,0.25045240680419834,0.2405420023405552,0.2614047791455467,0.7159234223582681,0.6221404205253876,0.8199974183133796,0.6485182275773158,0.60352017169244,0.6963382958731027,0.6894194026393193,0.6599947626635955,0.7213343634120505,2,132.2915449142456
0.2,0.6288223974110361,0.6202826010832486,0.6367407440704105,0.633945407661425,0.6236518193772732,0.6430290473663213,0.73,0.65,0.82,0.668,0.626,0.712,0.702,0.67,0.7300249999999998,0.026420557365182774,0.023305844388669773,0.02970305888856602,0.12088309808179515,0.11263106478451902,0.12939001848428835,0.254071661237785,0.2430778939012296,0.26418214371285126,0.7159234223582681,0.6252013180081456,0.8290229683207241,0.669572552421047,0.627101414442797,0.7187422123439411,0.6989116983370319,0.6683732563986241,0.731190100869363,2,132.2915449142456
0.25,0.6293372207626508,0.621500502764385,0.6373433215570282,0.6348206485186159,0.6256326807323944,0.6444671770302491,0.76,0.66,0.83,0.69,0.65,0.734,0.707,0.679,0.736,0.027506333695258775,0.023870087727603847,0.030113901655893702,0.1248642779587405,0.11785853364689847,0.13330933037912357,0.25588128845457836,0.24626566521120208,0.2666672714078374,0.7377736435485748,0.6317839421824978,0.8321240940480752,0.6877660870730947,0.6459215505959709,0.7360919941969855,0.704236343323202,0.6759404903996343,0.7368645730762043,2,132.2915449142456
0.3,0.6296189753949042,0.6213033714302256,0.6376095447122238,0.6353965702011977,0.6258046377266177,0.6447593389901938,0.76,0.66,0.8302499999999986,0.702,0.66,0.744,0.712,0.683,0.74,0.027506333695258775,0.023732257066346532,0.030190486389203016,0.1270358306188925,0.11927230952854585,0.1351067290790611,0.2576909156713717,0.2472681100390387,0.2677607045844453,0.7378519613369164,0.6298923986019984,0.8360482939572353,0.6976480698961861,0.6546925705487927,0.7452461257206452,0.7088690671770294,0.6777119770426642,0.7413392187855218,2,132.2915449142456
0.35,0.6296883327026295,0.6214589204493042,0.6378181057171418,0.6356927619816921,0.6259049272918122,0.6451420052442454,0.73,0.65,0.82,0.728,0.688,0.766,0.712,0.682,0.74,0.026420557365182774,0.023567709306758968,0.029937933552391383,0.1317408613825552,0.12451209837189413,0.13932497623169998,0.2576909156713717,0.24656493788207454,0.2678833835116264,0.7157811518185097,0.6284266638055428,0.8287704432854084,0.7194323109041704,0.6756803415686169,0.7671032674393794,0.7100188707973769,0.6797151640807452,0.7401064500758553,2,132.2915449142456
0.4,0.6296058483047545,0.6217835546034408,0.6375606201789077,0.6357806922039936,0.6262279459488618,0.6447861759178906,0.72,0.63,0.81,0.73,0.69,0.772,0.72,0.69,0.747,0.026058631921824105,0.022842432610947466,0.029538944311668,0.13210278682591386,0.12486393648665091,0.14013914954223372,0.26058631921824105,0.24990917336095714,0.2707493960196715,0.7080710750754152,0.6123116866120899,0.8215091120682636,0.7210361517970634,0.6785582757447309,0.7662901213762757,0.7169678819735994,0.6853056422343904,0.7472921179442518,2,132.2915449142456
0.45,0.6294170898015687,0.6213815888794225,0.6370785946550986,0.6357162465634763,0.6260309505756261,0.644952277273849,0.71,0.61,0.8,0.748,0.708,0.786,0.716,0.687,0.745,0.025696706478465437,0.022165158044508932,0.028853441049300592,0.13536011581614188,0.12809275620163674,0.14254157638461354,0.2591386174448064,0.248949357285287,0.26919055071583425,0.7009195965426248,0.6020868662548519,0.8034656086287475,0.7363504807641442,0.6914785238407217,0.7800398317149996,0.7144265748484694,0.6848277876319967,0.7456489616000892,2,132.2915449142456
0.5,0.6291328204010874,0.6212460083065601,0.6369111673629624,0.6355524825715748,0.6259386636769589,0.644299112775259,0.7,0.6,0.79,0.76,0.722,0.794,0.716,0.688,0.743,0.02533478103510677,0.021691022903117876,0.028664075315588865,0.1375316684762939,0.1301958675572133,0.14400007291286912,0.2591386174448064,0.24918603000910255,0.2689724099023826,0.6952285201426168,0.5945310071675929,0.8002143997645551,0.747005734249909,0.7071357730747244,0.7889811511209387,0.7153490308317034,0.6870905070875567,0.7463282371601843,2,132.2915449142456
0.55,0.628664268784866,0.6208867007472822,0.6363321630278853,0.6351214330188514,0.6251786736971214,0.6443628535644469,0.7,0.59,0.8,0.76,0.718,0.794,0.716,0.687,0.743,0.02533478103510677,0.021430000841284613,0.02881844380403458,0.1375316684762939,0.13014680701047543,0.1438983324259472,0.2591386174448064,0.24856732536589166,0.26897911821276527,0.6953789893657765,0.5901810407939088,0.8060135440875696,0.7474609642086281,0.7043115570463263,0.7899962955744743,0.715596319071349,0.6847017747663918,0.7463419477587266,2,132.2915449142456
0.6,0.6280807922606297,0.6197034251484012,0.636070764188742,0.6345370790072407,0.6248517591980345,0.6438375253724159,0.68,0.58,0.79,0.756,0.718,0.796,0.714,0.684975,0.7420249999999998,0.024610930148389432,0.021283971276484143,0.0284006530444808,0.13680781758957655,0.12958947905029117,0.14409912159157137,0.25841476655808904,0.24808916578736548,0.2685643619888118,0.6814101949088435,0.5836884232341226,0.7932075346476111,0.7448108286857729,0.7029337981492342,0.787294055270468,0.7141802152818755,0.6833430071923344,0.7447731975667762,2,132.2915449142456
0.65,0.6274894696595226,0.6198004493873662,0.635344334868011,0.6339647193372828,0.6247351961768812,0.6437820091819271,0.66,0.57,0.77,0.762,0.72,0.798,0.712,0.684,0.74,0.023887079261672096,0.02064775338392196,0.02780789296401322,0.13789359391965256,0.1303402985269153,0.14478988631672626,0.2576909156713717,0.24793965846537425,0.2682759765346008,0.6666716299180201,0.5707062566361173,0.7822774031700394,0.7505727381889468,0.7073325381768026,0.7911732659172741,0.7130984935385221,0.6836610232313902,0.7427838001767966,2,132.2915449142456
0.7,0.626877928321863,0.6188984699882317,0.6352158571570653,0.6333945492232148,0.6239038197577629,0.643262492414679,0.67,0.59,0.78,0.76,0.724,0.8,0.714,0.682,0.741,0.024249004705030764,0.02126016304372636,0.028113101757680066,0.1375316684762939,0.1309350481398321,0.145706252867168,0.25841476655808904,0.24741881613094852,0.26862103275607135,0.673366958395912,0.5846323555439403,0.7962289198343846,0.750336437268444,0.7124321163603273,0.7954227139886537,0.7153697140361371,0.6833720692662054,0.7474175370476442,2,132.2915449142456
0.75,0.6263224160203209,0.6182603331173018,0.6343090655336041,0.6329846979671644,0.6235156615232698,0.6423646631289861,0.71,0.62,0.8,0.77,0.73,0.808,0.712,0.678,0.737,0.025696706478465437,0.022398773294510007,0.029018363527352865,0.13934129569308723,0.1318717859604272,0.14631525453536492,0.2576909156713717,0.24641538494157272,0.2671795451420202,0.7017572207211281,0.6069984069434953,0.8080551192513021,0.760798926626714,0.7200779978975674,0.8045341155774839,0.7151980445241399,0.681274962571412,0.7433111651643859,2,132.2915449142456
0.8,0.625753474856442,0.6176296564306626,0.6336455909173196,0.6325233372631167,0.6226776154149187,0.6416584983488686,0.73,0.63,0.82,0.776,0.736,0.81,0.705,0.674,0.734,0.026420557365182774,0.02288619503851851,0.029594863585664453,0.14042707202316324,0.13288513808826072,0.14706067966313824,0.255157437567861,0.24441268131388902,0.26579055377779687,0.715327950940307,0.6109157720185368,0.8253857332525117,0.7667758851981669,0.7257622465447405,0.8083402138285236,0.7103479716756332,0.6799509890638199,0.7417216949255765,2,132.2915449142456
0.85,0.6251916253389656,0.6169363324129354,0.6327411279317746,0.6320608161092971,0.6223592116204208,0.6411840981720357,0.72,0.63,0.81,0.778,0.738,0.814,0.705,0.673975,0.735,0.026058631921824105,0.022669715400198867,0.029126299815482246,0.1407889974665219,0.13347601368893436,0.14746927966724357,0.255157437567861,0.24427301139506583,0.26512672328501996,0.7070381055014378,0.6085969605471913,0.815442893372777,0.7687504879232178,0.7264521255474912,0.8124471336439542,0.7106511826276091,0.6781288229679804,0.7421326976533511,2,132.2915449142456
0.9,0.6246400863712236,0.6168243882590673,0.6322119104881172,0.6316285009530203,0.6219967365188983,0.6404629039834002,0.74,0.64,0.83,0.784,0.74,0.816,0.704,0.671975,0.7340249999999998,0.026782482808541442,0.023238977199864147,0.029829682564057564,0.1418747737965979,0.13416359084181023,0.14816288966598723,0.25479551212450235,0.24382777145395484,0.264930495481151,0.7203512559050822,0.6204623428047586,0.8242753963091226,0.7734891539582792,0.7279674594756512,0.8140112698531001,0.7099733491946896,0.6767037871949608,0.7414378637317443,2,132.2915449142456
0.95,0.6240947840286868,0.6165398672457191,0.632287433403217,0.631184545872438,0.6219897776970289,0.6409190670468087,0.74,0.66,0.83,0.782,0.744,0.818,0.703,0.674,0.734,0.026782482808541442,0.023852555220748476,0.029996928407719236,0.14151284835323924,0.13451201421543918,0.14843208549286424,0.2544335866811437,0.24434174153648405,0.2651320357883917,0.7560185969402236,0.666993268658806,0.8402419398102927,0.7826287558188411,0.7431990354510783,0.8190477237028007,0.7153709175509854,0.6852894821430102,0.7458365275056491,1,113.8434693813324
1.0,0.623600229708989,0.6155172423453713,0.6313658293843762,0.6308028524034329,0.62153146777464,0.6397814847135024,0.77,0.69,0.86,0.778,0.74,0.814,0.704,0.674,0.736,0.027868259138617443,0.024963669641872493,0.03096211857231961,0.1407889974665219,0.1337900575647215,0.14721964011142277,0.25479551212450235,0.24478722962766222,0.26544223507041353,0.7795741481709965,0.6923929620510059,0.8629114255709763,0.781207576639034,0.7401567581444713,0.8172818262585769,0.7171432330210356,0.6870165385175218,0.7476128954455691,1,113.8434693813324
