method,budget,cum_failures,frac_failures_found
B1_Random,100,37,0.013371882905674015
B1_Random,500,182,0.0657752078062884
B1_Random,1000,378,0.1366100469822913
B1_Random,2000,757,0.2735814962052765
B1_Random,5000,1933,0.6985905312612938
B1_Random,full,2767,1.0
B2_KSERESNET,100,78,0.028189374774123598
B2_KSERESNET,500,390,0.140946873870618
B2_KSERESNET,1000,714,0.2580411998554391
B2_KSERESNET,2000,1271,0.4593422479219371
B2_KSERESNET,5000,2331,0.8424286230574629
B2_KSERESNET,full,2767,1.0
B3_Qwen3_8B,100,63,0.022768341163715216
B3_Qwen3_8B,500,267,0.09649439826526925
B3_Qwen3_8B,1000,267,0.09649439826526925
B3_Qwen3_8B,2000,630,0.22768341163715214
B3_Qwen3_8B,5000,2014,0.7278641127574991
B3_Qwen3_8B,full,2767,1.0
B4_GBDT,100,71,0.025659559089266353
B4_GBDT,500,357,0.12902059992771955
B4_GBDT,1000,652,0.2356342609324178
B4_GBDT,2000,1207,0.436212504517528
B4_GBDT,5000,2359,0.8525478857968919
B4_GBDT,full,2767,1.0
B5_Fixed_KSERESNET_RS,100,70,0.02529815684857246
B5_Fixed_KSERESNET_RS,500,366,0.13227322009396458
B5_Fixed_KSERESNET_RS,1000,722,0.26093241778099024
B5_Fixed_KSERESNET_RS,2000,1291,0.46657029273581496
B5_Fixed_KSERESNET_RS,5000,2355,0.8511022768341163
B5_Fixed_KSERESNET_RS,full,2767,1.0
B6_ARSF,100,82,0.02963498373689917
B6_ARSF,500,410,0.14817491868449584
B6_ARSF,1000,757,0.2735814962052765
B6_ARSF,2000,1331,0.48102638236357065
B6_ARSF,5000,2416,0.8731478135164438
B6_ARSF,full,2767,1.0
