method_a,method_b,spearman_rho,spearman_pvalue,kendall_tau,kendall_pvalue,n_common_scenarios
deepseek_r1_7b,codellama_7b,0.0926,0.003368856568702549,0.0859,4.735246241412983e-05,1000
kseresnet,codellama_7b,0.0119,0.706941602806372,0.0074,0.724780173688592,1000
kseresnet,deepseek_r1_7b,0.1453,3.940913015544896e-06,0.0987,2.958209613338337e-06,1000
kseresnet,ministral_8b,-0.0986,0.0017943192372190165,-0.0587,0.005413250061508494,1000
kseresnet,qwen3_8b,0.0848,0.007315769359079936,0.0567,0.007297473057679213,1000
ministral_8b,codellama_7b,0.3402,1.6125945076475908e-28,0.3354,8.270940054187258e-57,1000
ministral_8b,deepseek_r1_7b,0.3272,2.2331533132614102e-26,0.231,7.4047780421118945e-28,1000
qwen3_8b,codellama_7b,0.8588,3.718825620316366e-292,0.8433,0.0,1000
qwen3_8b,deepseek_r1_7b,0.1428,5.821804783179357e-06,0.1197,1.4500906072256169e-08,1000
qwen3_8b,ministral_8b,0.303,1.1232725507690953e-22,0.284,3.140762639719584e-41,1000
