scenario_id,start_time,end_time,latency_sec,status,retry_count,finish_reason,input_tokens,output_tokens,total_tokens,risk_score,error
mt/set_11/frenetic_v/test-806,2026-08-29T12:51:37.968921+00:00,2026-08-29T12:51:41.682845+00:00,3.7137,ok,0,stop,350,98,448,0.6,
mt_set5/ambiegen/test-577,2026-08-29T12:51:41.682902+00:00,2026-08-29T12:51:44.901390+00:00,3.2184,ok,0,stop,348,100,448,0.75,
mt/set_12/ambiegen/test-581,2026-08-29T12:51:44.901447+00:00,2026-08-29T12:51:48.033475+00:00,3.132,ok,0,stop,348,103,451,0.5,
mt/set_12/frenetic/test-306,2026-08-29T12:51:48.033533+00:00,2026-08-29T12:51:51.745146+00:00,3.7116,ok,0,stop,348,118,466,0.75,
mt/set_18/frenetic/test-185,2026-08-29T12:51:51.745186+00:00,2026-08-29T12:51:54.837312+00:00,3.0921,ok,0,stop,349,97,446,0.4,
mt/set_2/ambiegen/odr/test-385,2026-08-29T12:51:54.837350+00:00,2026-08-29T12:51:57.928760+00:00,3.0914,ok,0,stop,348,97,445,0.4,
mt/set_16/ambiegen/test-27,2026-08-29T12:51:57.928800+00:00,2026-08-29T12:52:01.203070+00:00,3.2742,ok,0,stop,348,107,455,0.75,
mt/set_18/ambiegen/test-459,2026-08-29T12:52:01.203109+00:00,2026-08-29T12:52:04.032387+00:00,2.8292,ok,0,stop,349,85,434,0.5,
mt/set_8/frenetic_v/odr/test-611,2026-08-29T12:52:04.032424+00:00,2026-08-29T12:52:07.080953+00:00,3.0485,ok,0,stop,350,93,443,0.6,
mt/set_14/ambiegen/test-139,2026-08-29T12:52:07.080993+00:00,2026-08-29T12:52:09.519464+00:00,2.4384,ok,0,stop,348,72,420,0.3,
mt/set_6/frenetic_v/test-380,2026-08-29T12:52:09.519520+00:00,2026-08-29T12:52:13.034211+00:00,3.5147,ok,0,stop,349,120,469,0.75,
mt/set_18/frenetic/test-314,2026-08-29T12:52:13.034243+00:00,2026-08-29T12:52:16.571654+00:00,3.5374,ok,0,stop,348,118,466,0.75,
mt_set5/ambiegen/test-785,2026-08-29T12:52:16.571717+00:00,2026-08-29T12:52:19.537846+00:00,2.9661,ok,0,stop,349,97,446,0.4,
mt/set_2/ambiegen/odr/test-365,2026-08-29T12:52:19.537884+00:00,2026-08-29T12:52:22.544681+00:00,3.0068,ok,0,stop,348,92,440,0.4,
mt/set_8/ambiegen/odr/test-429,2026-08-29T12:52:22.544725+00:00,2026-08-29T12:52:25.362403+00:00,2.8176,ok,0,stop,348,93,441,0.4,
mt/set_18/ambiegen/test-625,2026-08-29T12:52:25.362443+00:00,2026-08-29T12:52:27.910609+00:00,2.5481,ok,0,stop,348,72,420,0.65,
mt/set_9/frenetic/test-50,2026-08-29T12:52:27.910648+00:00,2026-08-29T12:52:31.402458+00:00,3.4918,ok,0,stop,348,118,466,0.75,
mt/set_13/frenetic_v/test-787,2026-08-29T12:52:31.402499+00:00,2026-08-29T12:52:33.789029+00:00,2.3865,ok,0,stop,350,65,415,0.3,
mt/set_6/frenetic_v/test-456,2026-08-29T12:52:33.789071+00:00,2026-08-29T12:52:36.794852+00:00,3.0057,ok,0,stop,350,94,444,0.4,
mt/set_18/ambiegen/test-343,2026-08-29T12:52:36.794893+00:00,2026-08-29T12:52:39.951108+00:00,3.1562,ok,0,stop,348,100,448,0.3,
mt/set_7/frenetic_v/odr/test-812,2026-08-29T12:52:39.951162+00:00,2026-08-29T12:52:43.507343+00:00,3.5561,ok,0,stop,349,118,467,0.75,
mt/set_14/ambiegen/test-957,2026-08-29T12:52:43.507382+00:00,2026-08-29T12:52:46.335667+00:00,2.8283,ok,0,stop,348,85,433,0.4,
mt/set_6/frenetic_v/test-625,2026-08-29T12:52:46.335707+00:00,2026-08-29T12:52:50.214394+00:00,3.8787,ok,0,stop,350,132,482,0.65,
mt/set_14/frenetic_v/test-326,2026-08-29T12:52:50.214432+00:00,2026-08-29T12:52:53.277425+00:00,3.063,ok,0,stop,350,98,448,0.6,
mt/set_11/frenetic/test-461,2026-08-29T12:52:53.277464+00:00,2026-08-29T12:52:56.921818+00:00,3.6443,ok,0,stop,348,118,466,0.75,
mt/set_10/ambiegen/test-481,2026-08-29T12:52:56.921877+00:00,2026-08-29T12:52:59.887163+00:00,2.9652,ok,0,stop,348,97,445,0.4,
mt/set_8/frenetic/odr/test-810,2026-08-29T12:52:59.887203+00:00,2026-08-29T12:53:03.417744+00:00,3.5305,ok,0,stop,349,118,467,0.75,
mt/set_11/frenetic_v/test-628,2026-08-29T12:53:03.417815+00:00,2026-08-29T12:53:06.951838+00:00,3.534,ok,0,stop,350,118,468,0.75,
mt/set_8/frenetic/odr/test-405,2026-08-29T12:53:06.951881+00:00,2026-08-29T12:53:10.054655+00:00,3.1027,ok,0,stop,349,101,450,0.6,
mt/set_8/ambiegen/odr/test-213,2026-08-29T12:53:10.054707+00:00,2026-08-29T12:53:12.610188+00:00,2.5554,ok,0,stop,347,72,419,0.2,
mt/set_11/ambiegen/test-823,2026-08-29T12:53:12.610250+00:00,2026-08-29T12:53:15.660815+00:00,3.0505,ok,0,stop,349,102,451,0.75,
mt_set5/frenetic/test-232,2026-08-29T12:53:15.660858+00:00,2026-08-29T12:53:19.162071+00:00,3.5012,ok,0,stop,349,118,467,0.75,
mt/set_7/frenetic/odr/test-547,2026-08-29T12:53:19.162114+00:00,2026-08-29T12:53:22.572118+00:00,3.41,ok,0,stop,348,108,456,0.75,
mt/set_11/frenetic/test-556,2026-08-29T12:53:22.572163+00:00,2026-08-29T12:53:26.077044+00:00,3.5048,ok,0,stop,349,118,467,0.75,
mt/set_8/ambiegen/odr/test-726,2026-08-29T12:53:26.077090+00:00,2026-08-29T12:53:29.126891+00:00,3.0498,ok,0,stop,348,92,440,0.4,
mt/set_14/ambiegen/test-436,2026-08-29T12:53:29.126933+00:00,2026-08-29T12:53:32.047427+00:00,2.9205,ok,0,stop,348,92,440,0.4,
mt/set_14/frenetic/test-151,2026-08-29T12:53:32.047468+00:00,2026-08-29T12:53:35.476076+00:00,3.4286,ok,0,stop,348,117,465,0.75,
mt_set5/ambiegen/test-223,2026-08-29T12:53:35.476115+00:00,2026-08-29T12:53:38.450824+00:00,2.9747,ok,0,stop,348,93,441,0.4,
mt/set_16/ambiegen/test-434,2026-08-29T12:53:38.450865+00:00,2026-08-29T12:53:41.288322+00:00,2.8374,ok,0,stop,348,92,440,0.4,
mt/set_18/frenetic/test-914,2026-08-29T12:53:41.288362+00:00,2026-08-29T12:53:44.815094+00:00,3.5267,ok,0,stop,348,118,466,0.75,
mt/set_2/ambiegen/odr/test-69,2026-08-29T12:53:44.815148+00:00,2026-08-29T12:53:47.891327+00:00,3.0761,ok,0,stop,348,92,440,0.4,
mt/set_10/frenetic/test-921,2026-08-29T12:53:47.891369+00:00,2026-08-29T12:53:51.624010+00:00,3.7326,ok,0,stop,348,132,480,0.75,
mt_set6/frenetic/test-720,2026-08-29T12:53:51.624051+00:00,2026-08-29T12:53:55.184486+00:00,3.5604,ok,0,stop,349,118,467,0.75,
mt/set_8/frenetic_v/odr/test-588,2026-08-29T12:53:55.184525+00:00,2026-08-29T12:53:59.749621+00:00,4.5651,ok,0,stop,350,118,468,0.75,
mt/set_10/frenetic/test-260,2026-08-29T12:53:59.749658+00:00,2026-08-29T12:54:02.637106+00:00,2.8874,ok,0,stop,349,89,438,0.85,
mt/set_18/ambiegen/test-598,2026-08-29T12:54:02.637146+00:00,2026-08-29T12:54:05.267960+00:00,2.6308,ok,0,stop,348,84,432,0.3,
mt/set_17/frenetic_v/test-594,2026-08-29T12:54:05.267998+00:00,2026-08-29T12:54:08.362825+00:00,3.0948,ok,0,stop,350,101,451,0.6,
mt/set_7/frenetic_v/odr/test-481,2026-08-29T12:54:08.362864+00:00,2026-08-29T12:54:11.767720+00:00,3.4048,ok,0,stop,350,118,468,0.75,
mt/set_9/ambiegen/test-928,2026-08-29T12:54:11.767759+00:00,2026-08-29T12:54:15.319515+00:00,3.5517,ok,0,stop,348,104,452,0.4,
mt/set_10/frenetic/test-907,2026-08-29T12:54:15.319554+00:00,2026-08-29T12:54:18.927811+00:00,3.6082,ok,0,stop,348,118,466,0.75,
mt/set_16/ambiegen/test-453,2026-08-29T12:54:18.927938+00:00,2026-08-29T12:54:21.872988+00:00,2.945,ok,0,stop,349,97,446,0.4,
mt/set_17/frenetic_v/test-511,2026-08-29T12:54:21.873027+00:00,2026-08-29T12:54:25.188901+00:00,3.3158,ok,0,stop,350,104,454,0.6,
mt_set6/frenetic/test-942,2026-08-29T12:54:25.188940+00:00,2026-08-29T12:54:29.057670+00:00,3.8687,ok,0,stop,349,129,478,0.6,
mt/set_14/frenetic_v/test-48,2026-08-29T12:54:29.057711+00:00,2026-08-29T12:54:32.224218+00:00,3.1665,ok,0,stop,350,103,453,0.5,
mt/set_16/frenetic_v/test-392,2026-08-29T12:54:32.224277+00:00,2026-08-29T12:54:35.769789+00:00,3.5454,ok,0,stop,350,118,468,0.75,
mt/set_18/frenetic/test-831,2026-08-29T12:54:35.769876+00:00,2026-08-29T12:54:39.347630+00:00,3.5777,ok,0,stop,348,120,468,0.75,
mt/set_17/frenetic_v/test-425,2026-08-29T12:54:39.347668+00:00,2026-08-29T12:54:43.547421+00:00,4.1997,ok,0,stop,349,92,441,0.4,
mt/set_10/ambiegen/test-504,2026-08-29T12:54:43.547483+00:00,2026-08-29T12:54:46.364650+00:00,2.8171,ok,0,stop,348,84,432,0.3,
mt_set5/ambiegen/test-209,2026-08-29T12:54:46.364689+00:00,2026-08-29T12:54:49.307767+00:00,2.943,ok,0,stop,348,92,440,0.4,
mt/set_8/ambiegen/odr/test-934,2026-08-29T12:54:49.307809+00:00,2026-08-29T12:54:52.122262+00:00,2.8144,ok,0,stop,348,84,432,0.3,
mt/set_14/ambiegen/test-488,2026-08-29T12:54:52.122347+00:00,2026-08-29T12:54:55.240919+00:00,3.1185,ok,0,stop,348,97,445,0.4,
mt_set5/frenetic/test-754,2026-08-29T12:54:55.240958+00:00,2026-08-29T12:55:00.648106+00:00,5.4071,ok,0,stop,348,120,468,0.75,
mt/set_13/ambiegen/test-422,2026-08-29T12:55:00.648148+00:00,2026-08-29T12:55:03.712146+00:00,3.064,ok,0,stop,348,98,446,0.6,
mt/set_14/frenetic/test-256,2026-08-29T12:55:03.712184+00:00,2026-08-29T12:55:07.256158+00:00,3.5439,ok,0,stop,349,118,467,0.75,
mt/set_10/ambiegen/test-957,2026-08-29T12:55:07.256199+00:00,2026-08-29T12:55:10.380666+00:00,3.1244,ok,0,stop,348,97,445,0.4,
mt_set5/frenetic/test-476,2026-08-29T12:55:10.380706+00:00,2026-08-29T12:55:13.459583+00:00,3.0788,ok,0,stop,349,94,443,0.5,
mt_set5/frenetic/test-31,2026-08-29T12:55:13.459621+00:00,2026-08-29T12:55:17.034138+00:00,3.5745,ok,0,stop,349,129,478,0.75,
mt/set_7/frenetic_v/odr/test-242,2026-08-29T12:55:17.034195+00:00,2026-08-29T12:55:20.271047+00:00,3.2368,ok,0,stop,350,102,452,0.5,
mt/set_8/frenetic_v/odr/test-825,2026-08-29T12:55:20.271088+00:00,2026-08-29T12:55:23.794291+00:00,3.5232,ok,0,stop,350,118,468,0.75,
mt_set6/frenetic/test-745,2026-08-29T12:55:23.794332+00:00,2026-08-29T12:55:27.352376+00:00,3.558,ok,0,stop,348,118,466,0.75,
mt/set_8/ambiegen/odr/test-661,2026-08-29T12:55:27.352437+00:00,2026-08-29T12:55:30.259217+00:00,2.9067,ok,0,stop,349,92,441,0.4,
mt/set_16/frenetic/test-584,2026-08-29T12:55:30.259259+00:00,2026-08-29T12:55:33.624139+00:00,3.3648,ok,0,stop,348,105,453,0.75,
mt/set_14/frenetic/test-257,2026-08-29T12:55:33.624177+00:00,2026-08-29T12:55:37.181024+00:00,3.5568,ok,0,stop,349,117,466,0.75,
mt/set_8/ambiegen/odr/test-169,2026-08-29T12:55:37.181062+00:00,2026-08-29T12:55:40.094695+00:00,2.9136,ok,0,stop,349,92,441,0.4,
mt_set5/frenetic/test-466,2026-08-29T12:55:40.094734+00:00,2026-08-29T12:55:45.748743+00:00,5.654,ok,0,stop,349,120,469,0.75,
mt/set_7/frenetic_v/odr/test-439,2026-08-29T12:55:45.748786+00:00,2026-08-29T12:55:49.238180+00:00,3.4893,ok,0,stop,349,118,467,0.75,
mt/set_13/ambiegen/test-178,2026-08-29T12:55:49.238245+00:00,2026-08-29T12:55:52.221959+00:00,2.9837,ok,0,stop,348,93,441,0.4,
mt/set_10/frenetic_v/test-571,2026-08-29T12:55:52.222002+00:00,2026-08-29T12:55:55.299924+00:00,3.0779,ok,0,stop,350,97,447,0.75,
mt/set_8/frenetic_v/odr/test-839,2026-08-29T12:55:55.299974+00:00,2026-08-29T12:55:58.529690+00:00,3.2297,ok,0,stop,350,97,447,0.6,
mt/set_9/ambiegen/test-950,2026-08-29T12:55:58.529728+00:00,2026-08-29T12:56:01.763740+00:00,3.234,ok,0,stop,348,97,445,0.4,
mt/set_6/frenetic_v/test-409,2026-08-29T12:56:01.763804+00:00,2026-08-29T12:56:04.853450+00:00,3.0896,ok,0,stop,350,101,451,0.6,
mt/set_18/frenetic/test-191,2026-08-29T12:56:04.853509+00:00,2026-08-29T12:56:08.338028+00:00,3.4845,ok,0,stop,348,118,466,0.75,
mt/set_8/ambiegen/odr/test-282,2026-08-29T12:56:08.338088+00:00,2026-08-29T12:56:11.310839+00:00,2.9727,ok,0,stop,348,100,448,0.3,
mt/set_16/frenetic_v/test-124,2026-08-29T12:56:11.310901+00:00,2026-08-29T12:56:14.957937+00:00,3.647,ok,0,stop,349,120,469,0.75,
mt_set5/frenetic/test-777,2026-08-29T12:56:14.957976+00:00,2026-08-29T12:56:18.607055+00:00,3.649,ok,0,stop,348,105,453,0.75,
mt/set_7/frenetic/odr/test-406,2026-08-29T12:56:18.607094+00:00,2026-08-29T12:56:22.015529+00:00,3.4084,ok,0,stop,349,118,467,0.75,
mt/set_14/frenetic_v/test-461,2026-08-29T12:56:22.015573+00:00,2026-08-29T12:56:25.312337+00:00,3.2967,ok,0,stop,349,108,457,0.75,
mt/set_18/frenetic_v/test-188,2026-08-29T12:56:25.312378+00:00,2026-08-29T12:56:30.569710+00:00,5.2573,ok,0,stop,350,118,468,0.75,
mt/set_10/ambiegen/test-571,2026-08-29T12:56:30.569775+00:00,2026-08-29T12:56:33.683189+00:00,3.1134,ok,0,stop,348,93,441,0.4,
mt/set_10/frenetic/test-916,2026-08-29T12:56:33.683251+00:00,2026-08-29T12:56:37.079317+00:00,3.396,ok,0,stop,349,118,467,0.75,
mt/set_2/ambiegen/odr/test-632,2026-08-29T12:56:37.079369+00:00,2026-08-29T12:56:40.195723+00:00,3.1163,ok,0,stop,348,101,449,0.6,
mt/set_17/frenetic/test-815,2026-08-29T12:56:40.195783+00:00,2026-08-29T12:56:43.906144+00:00,3.7103,ok,0,stop,348,118,466,0.75,
mt/set_11/ambiegen/test-258,2026-08-29T12:56:43.906204+00:00,2026-08-29T12:56:47.499595+00:00,3.5933,ok,0,stop,348,127,475,0.4,
mt/set_16/frenetic/test-586,2026-08-29T12:56:47.499642+00:00,2026-08-29T12:56:50.860536+00:00,3.3609,ok,0,stop,348,108,456,0.75,
mt/set_10/frenetic/test-463,2026-08-29T12:56:50.860573+00:00,2026-08-29T12:56:54.088500+00:00,3.2279,ok,0,stop,349,101,450,0.6,
mt/set_7/frenetic/odr/test-417,2026-08-29T12:56:54.088556+00:00,2026-08-29T12:56:57.691620+00:00,3.603,ok,0,stop,348,118,466,0.75,
mt/set_12/ambiegen/test-795,2026-08-29T12:56:57.691688+00:00,2026-08-29T12:57:00.720472+00:00,3.0287,ok,0,stop,349,98,447,0.6,
mt/set_9/ambiegen/test-371,2026-08-29T12:57:00.720510+00:00,2026-08-29T12:57:03.489719+00:00,2.7692,ok,0,stop,349,84,433,0.3,
mt/set_13/frenetic_v/test-810,2026-08-29T12:57:03.489779+00:00,2026-08-29T12:57:07.026928+00:00,3.5371,ok,0,stop,350,118,468,0.75,
mt/set_7/frenetic/odr/test-806,2026-08-29T12:57:07.026965+00:00,2026-08-29T12:57:10.461294+00:00,3.4343,ok,0,stop,349,118,467,0.75,
