scenario_id,start_time,end_time,latency_sec,status,retry_count,finish_reason,input_tokens,output_tokens,total_tokens,risk_score
mt/set_11/frenetic_v/test-806,2026-08-29T12:40:07.401202+00:00,2026-08-29T12:40:10.449827+00:00,3.04848313331604,ok,0,stop,355,72,427,0.15
mt_set5/ambiegen/test-577,2026-08-29T12:40:10.449864+00:00,2026-08-29T12:40:14.118507+00:00,3.66859769821167,ok,0,stop,354,81,435,0.35
mt/set_12/ambiegen/test-581,2026-08-29T12:40:14.118564+00:00,2026-08-29T12:40:16.858369+00:00,2.7397663593292236,ok,0,stop,354,72,426,0.15
mt/set_12/frenetic/test-306,2026-08-29T12:40:16.858408+00:00,2026-08-29T12:40:19.535248+00:00,2.676730155944824,ok,0,stop,353,77,430,0.15
mt/set_18/frenetic/test-185,2026-08-29T12:40:19.535341+00:00,2026-08-29T12:40:22.020510+00:00,2.4851229190826416,ok,0,stop,354,68,422,0.15
mt/set_2/ambiegen/odr/test-385,2026-08-29T12:40:22.020567+00:00,2026-08-29T12:40:25.037737+00:00,3.017132043838501,ok,0,stop,354,92,446,0.15
mt/set_16/ambiegen/test-27,2026-08-29T12:40:25.037776+00:00,2026-08-29T12:40:29.920831+00:00,4.883008241653442,ok,0,stop,354,72,426,0.35
mt/set_18/ambiegen/test-459,2026-08-29T12:40:29.920888+00:00,2026-08-29T12:40:32.535801+00:00,2.6148569583892822,ok,0,stop,355,80,435,0.15
mt/set_8/frenetic_v/odr/test-611,2026-08-29T12:40:32.535863+00:00,2026-08-29T12:40:35.226989+00:00,2.6910765171051025,ok,0,stop,355,78,433,0.15
mt/set_14/ambiegen/test-139,2026-08-29T12:40:35.227048+00:00,2026-08-29T12:40:37.946538+00:00,2.7194507122039795,ok,0,stop,354,72,426,0.15
mt/set_6/frenetic_v/test-380,2026-08-29T12:40:37.946593+00:00,2026-08-29T12:40:40.651128+00:00,2.704488515853882,ok,0,stop,354,72,426,0.15
mt/set_18/frenetic/test-314,2026-08-29T12:40:40.651182+00:00,2026-08-29T12:40:43.352798+00:00,2.7015838623046875,ok,0,stop,353,72,425,0.15
mt_set5/ambiegen/test-785,2026-08-29T12:40:43.352828+00:00,2026-08-29T12:40:46.037089+00:00,2.6842267513275146,ok,0,stop,355,72,427,0.15
mt/set_2/ambiegen/odr/test-365,2026-08-29T12:40:46.037129+00:00,2026-08-29T12:40:48.675362+00:00,2.638187885284424,ok,0,stop,354,77,431,0.15
mt/set_8/ambiegen/odr/test-429,2026-08-29T12:40:48.675414+00:00,2026-08-29T12:40:51.224463+00:00,2.549003839492798,ok,0,stop,354,72,426,0.15
mt/set_18/ambiegen/test-625,2026-08-29T12:40:51.224515+00:00,2026-08-29T12:40:54.000323+00:00,2.775768518447876,ok,0,stop,354,81,435,0.35
mt/set_9/frenetic/test-50,2026-08-29T12:40:54.000361+00:00,2026-08-29T12:40:56.648880+00:00,2.648474931716919,ok,0,stop,353,77,430,0.15
mt/set_13/frenetic_v/test-787,2026-08-29T12:40:56.648934+00:00,2026-08-29T12:40:59.120855+00:00,2.4718782901763916,ok,0,stop,355,72,427,0.15
mt/set_6/frenetic_v/test-456,2026-08-29T12:40:59.120902+00:00,2026-08-29T12:41:01.639686+00:00,2.5187344551086426,ok,0,stop,355,72,427,0.15
mt/set_18/ambiegen/test-343,2026-08-29T12:41:01.639733+00:00,2026-08-29T12:41:04.288886+00:00,2.6491167545318604,ok,0,stop,354,77,431,0.15
mt/set_7/frenetic_v/odr/test-812,2026-08-29T12:41:04.288938+00:00,2026-08-29T12:41:06.845498+00:00,2.556520462036133,ok,0,stop,354,72,426,0.15
mt/set_14/ambiegen/test-957,2026-08-29T12:41:06.845544+00:00,2026-08-29T12:41:09.554771+00:00,2.7091267108917236,ok,0,stop,354,77,431,0.15
mt/set_6/frenetic_v/test-625,2026-08-29T12:41:09.554860+00:00,2026-08-29T12:41:12.082940+00:00,2.528043270111084,ok,0,stop,355,78,433,0.15
mt/set_14/frenetic_v/test-326,2026-08-29T12:41:12.082978+00:00,2026-08-29T12:41:14.605736+00:00,2.5227246284484863,ok,0,stop,355,72,427,0.15
mt/set_11/frenetic/test-461,2026-08-29T12:41:14.605771+00:00,2026-08-29T12:41:17.331492+00:00,2.7256689071655273,ok,0,stop,353,77,430,0.15
mt/set_10/ambiegen/test-481,2026-08-29T12:41:17.331556+00:00,2026-08-29T12:41:19.853787+00:00,2.5221948623657227,ok,0,stop,354,72,426,0.15
mt/set_8/frenetic/odr/test-810,2026-08-29T12:41:19.853826+00:00,2026-08-29T12:41:22.281820+00:00,2.427950143814087,ok,0,stop,354,72,426,0.15
mt/set_11/frenetic_v/test-628,2026-08-29T12:41:22.281873+00:00,2026-08-29T12:41:24.833361+00:00,2.5514516830444336,ok,0,stop,355,72,427,0.15
mt/set_8/frenetic/odr/test-405,2026-08-29T12:41:24.833397+00:00,2026-08-29T12:41:27.683515+00:00,2.8500704765319824,ok,0,stop,354,77,431,0.15
mt/set_8/ambiegen/odr/test-213,2026-08-29T12:41:27.683575+00:00,2026-08-29T12:41:30.348828+00:00,2.665205240249634,ok,0,stop,353,77,430,0.15
mt/set_11/ambiegen/test-823,2026-08-29T12:41:30.348880+00:00,2026-08-29T12:41:33.102994+00:00,2.7540738582611084,ok,0,stop,355,83,438,0.35
mt_set5/frenetic/test-232,2026-08-29T12:41:33.103029+00:00,2026-08-29T12:41:35.845282+00:00,2.742206335067749,ok,0,stop,354,77,431,0.15
mt/set_7/frenetic/odr/test-547,2026-08-29T12:41:35.845336+00:00,2026-08-29T12:41:38.351079+00:00,2.5056955814361572,ok,0,stop,353,72,425,0.15
mt/set_11/frenetic/test-556,2026-08-29T12:41:38.351138+00:00,2026-08-29T12:41:40.893663+00:00,2.5424795150756836,ok,0,stop,354,72,426,0.15
mt/set_8/ambiegen/odr/test-726,2026-08-29T12:41:40.893716+00:00,2026-08-29T12:41:43.516107+00:00,2.622339963912964,ok,0,stop,354,72,426,0.15
mt/set_14/ambiegen/test-436,2026-08-29T12:41:43.516167+00:00,2026-08-29T12:41:45.878450+00:00,2.362238645553589,ok,0,stop,354,72,426,0.15
mt/set_14/frenetic/test-151,2026-08-29T12:41:45.878499+00:00,2026-08-29T12:41:48.474395+00:00,2.5958497524261475,ok,0,stop,353,72,425,0.15
mt_set5/ambiegen/test-223,2026-08-29T12:41:48.474450+00:00,2026-08-29T12:41:51.042856+00:00,2.568368434906006,ok,0,stop,354,72,426,0.15
mt/set_16/ambiegen/test-434,2026-08-29T12:41:51.042897+00:00,2026-08-29T12:41:53.523991+00:00,2.4810469150543213,ok,0,stop,354,72,426,0.15
mt/set_18/frenetic/test-914,2026-08-29T12:41:53.524050+00:00,2026-08-29T12:41:56.000754+00:00,2.476654529571533,ok,0,stop,353,72,425,0.15
mt/set_2/ambiegen/odr/test-69,2026-08-29T12:41:56.000830+00:00,2026-08-29T12:41:58.725775+00:00,2.7248988151550293,ok,0,stop,354,78,432,0.15
mt/set_10/frenetic/test-921,2026-08-29T12:41:58.725836+00:00,2026-08-29T12:42:01.568719+00:00,2.8428328037261963,ok,0,stop,353,77,430,0.15
mt_set6/frenetic/test-720,2026-08-29T12:42:01.568776+00:00,2026-08-29T12:42:04.091313+00:00,2.522491216659546,ok,0,stop,354,72,426,0.15
mt/set_8/frenetic_v/odr/test-588,2026-08-29T12:42:04.091367+00:00,2026-08-29T12:42:06.628194+00:00,2.5367801189422607,ok,0,stop,355,77,432,0.15
mt/set_10/frenetic/test-260,2026-08-29T12:42:06.628245+00:00,2026-08-29T12:42:09.407783+00:00,2.77950382232666,ok,0,stop,354,77,431,0.15
mt/set_18/ambiegen/test-598,2026-08-29T12:42:09.407823+00:00,2026-08-29T12:42:11.937433+00:00,2.5295627117156982,ok,0,stop,354,72,426,0.15
mt/set_17/frenetic_v/test-594,2026-08-29T12:42:11.937486+00:00,2026-08-29T12:42:14.396215+00:00,2.4586870670318604,ok,0,stop,355,72,427,0.15
mt/set_7/frenetic_v/odr/test-481,2026-08-29T12:42:14.396266+00:00,2026-08-29T12:42:17.085560+00:00,2.6892573833465576,ok,0,stop,355,77,432,0.15
mt/set_9/ambiegen/test-928,2026-08-29T12:42:17.085600+00:00,2026-08-29T12:42:19.913495+00:00,2.827850341796875,ok,0,stop,354,78,432,0.15
mt/set_10/frenetic/test-907,2026-08-29T12:42:19.913553+00:00,2026-08-29T12:42:22.370315+00:00,2.4567174911499023,ok,0,stop,353,72,425,0.15
mt/set_16/ambiegen/test-453,2026-08-29T12:42:22.370391+00:00,2026-08-29T12:42:25.474560+00:00,3.104126453399658,ok,0,stop,355,92,447,0.15
mt/set_17/frenetic_v/test-511,2026-08-29T12:42:25.474601+00:00,2026-08-29T12:42:27.982878+00:00,2.5082318782806396,ok,0,stop,355,72,427,0.15
mt_set6/frenetic/test-942,2026-08-29T12:42:27.982937+00:00,2026-08-29T12:42:31.026994+00:00,3.0440094470977783,ok,0,stop,354,92,446,0.15
mt/set_14/frenetic_v/test-48,2026-08-29T12:42:31.027048+00:00,2026-08-29T12:42:33.613559+00:00,2.5864601135253906,ok,0,stop,355,72,427,0.15
mt/set_16/frenetic_v/test-392,2026-08-29T12:42:33.613618+00:00,2026-08-29T12:42:36.198614+00:00,2.5849595069885254,ok,0,stop,355,72,427,0.15
mt/set_18/frenetic/test-831,2026-08-29T12:42:36.198651+00:00,2026-08-29T12:42:38.640541+00:00,2.441845178604126,ok,0,stop,353,72,425,0.15
mt/set_17/frenetic_v/test-425,2026-08-29T12:42:38.640599+00:00,2026-08-29T12:42:41.127353+00:00,2.486692428588867,ok,0,stop,354,72,426,0.15
mt/set_10/ambiegen/test-504,2026-08-29T12:42:41.127420+00:00,2026-08-29T12:42:43.634157+00:00,2.5066874027252197,ok,0,stop,354,72,426,0.15
mt_set5/ambiegen/test-209,2026-08-29T12:42:43.634205+00:00,2026-08-29T12:42:46.122911+00:00,2.488661289215088,ok,0,stop,354,72,426,0.15
mt/set_8/ambiegen/odr/test-934,2026-08-29T12:42:46.122960+00:00,2026-08-29T12:42:48.601105+00:00,2.4781014919281006,ok,0,stop,354,72,426,0.15
mt/set_14/ambiegen/test-488,2026-08-29T12:42:48.601178+00:00,2026-08-29T12:42:51.566291+00:00,2.965059280395508,ok,0,stop,354,77,431,0.15
mt_set5/frenetic/test-754,2026-08-29T12:42:51.566349+00:00,2026-08-29T12:42:54.113911+00:00,2.547510862350464,ok,0,stop,353,72,425,0.15
mt/set_13/ambiegen/test-422,2026-08-29T12:42:54.113966+00:00,2026-08-29T12:42:56.737180+00:00,2.6231722831726074,ok,0,stop,354,77,431,0.15
mt/set_14/frenetic/test-256,2026-08-29T12:42:56.737230+00:00,2026-08-29T12:42:59.549860+00:00,2.812591314315796,ok,0,stop,354,77,431,0.15
mt/set_10/ambiegen/test-957,2026-08-29T12:42:59.549899+00:00,2026-08-29T12:43:02.046128+00:00,2.496182441711426,ok,0,stop,354,72,426,0.15
mt_set5/frenetic/test-476,2026-08-29T12:43:02.046184+00:00,2026-08-29T12:43:04.606500+00:00,2.5602660179138184,ok,0,stop,354,72,426,0.15
mt_set5/frenetic/test-31,2026-08-29T12:43:04.606541+00:00,2026-08-29T12:43:07.487616+00:00,2.881027936935425,ok,0,stop,354,78,432,0.15
mt/set_7/frenetic_v/odr/test-242,2026-08-29T12:43:07.487675+00:00,2026-08-29T12:43:10.020023+00:00,2.5323050022125244,ok,0,stop,355,72,427,0.15
mt/set_8/frenetic_v/odr/test-825,2026-08-29T12:43:10.020071+00:00,2026-08-29T12:43:12.663267+00:00,2.643153429031372,ok,0,stop,355,78,433,0.15
mt_set6/frenetic/test-745,2026-08-29T12:43:12.663318+00:00,2026-08-29T12:43:15.326562+00:00,2.66320538520813,ok,0,stop,353,72,425,0.15
mt/set_8/ambiegen/odr/test-661,2026-08-29T12:43:15.326618+00:00,2026-08-29T12:43:18.022166+00:00,2.695521354675293,ok,0,stop,355,78,433,0.15
mt/set_16/frenetic/test-584,2026-08-29T12:43:18.022194+00:00,2026-08-29T12:43:20.942497+00:00,2.920258045196533,ok,0,stop,353,89,442,0.15
mt/set_14/frenetic/test-257,2026-08-29T12:43:20.942556+00:00,2026-08-29T12:43:23.567092+00:00,2.624478340148926,ok,0,stop,354,78,432,0.15
mt/set_8/ambiegen/odr/test-169,2026-08-29T12:43:23.567163+00:00,2026-08-29T12:43:26.234785+00:00,2.667573928833008,ok,0,stop,355,78,433,0.15
mt_set5/frenetic/test-466,2026-08-29T12:43:26.234840+00:00,2026-08-29T12:43:28.783138+00:00,2.548248529434204,ok,0,stop,354,72,426,0.15
mt/set_7/frenetic_v/odr/test-439,2026-08-29T12:43:28.783197+00:00,2026-08-29T12:43:31.431148+00:00,2.6478893756866455,ok,0,stop,354,72,426,0.15
mt/set_13/ambiegen/test-178,2026-08-29T12:43:31.431214+00:00,2026-08-29T12:43:33.917496+00:00,2.4862349033355713,ok,0,stop,354,72,426,0.15
mt/set_10/frenetic_v/test-571,2026-08-29T12:43:33.917542+00:00,2026-08-29T12:43:36.448191+00:00,2.530616044998169,ok,0,stop,355,77,432,0.15
mt/set_8/frenetic_v/odr/test-839,2026-08-29T12:43:36.448224+00:00,2026-08-29T12:43:38.978142+00:00,2.5298774242401123,ok,0,stop,355,72,427,0.15
mt/set_9/ambiegen/test-950,2026-08-29T12:43:38.978189+00:00,2026-08-29T12:43:41.820248+00:00,2.8420090675354004,ok,0,stop,354,72,426,0.15
mt/set_6/frenetic_v/test-409,2026-08-29T12:43:41.820335+00:00,2026-08-29T12:43:44.459839+00:00,2.639465570449829,ok,0,stop,355,77,432,0.15
mt/set_18/frenetic/test-191,2026-08-29T12:43:44.459875+00:00,2026-08-29T12:43:46.989955+00:00,2.5300326347351074,ok,0,stop,353,72,425,0.15
mt/set_8/ambiegen/odr/test-282,2026-08-29T12:43:46.990007+00:00,2026-08-29T12:43:49.623133+00:00,2.6330766677856445,ok,0,stop,354,72,426,0.15
mt/set_16/frenetic_v/test-124,2026-08-29T12:43:49.623189+00:00,2026-08-29T12:43:52.264155+00:00,2.6409072875976562,ok,0,stop,354,77,431,0.15
mt_set5/frenetic/test-777,2026-08-29T12:43:52.264215+00:00,2026-08-29T12:43:54.904933+00:00,2.6406807899475098,ok,0,stop,353,72,425,0.15
mt/set_7/frenetic/odr/test-406,2026-08-29T12:43:54.904969+00:00,2026-08-29T12:43:57.904410+00:00,2.999394416809082,ok,0,stop,354,92,446,0.15
mt/set_14/frenetic_v/test-461,2026-08-29T12:43:57.904467+00:00,2026-08-29T12:44:00.270197+00:00,2.365691900253296,ok,0,stop,354,72,426,0.15
mt/set_18/frenetic_v/test-188,2026-08-29T12:44:00.270235+00:00,2026-08-29T12:44:02.790882+00:00,2.520617723464966,ok,0,stop,355,72,427,0.15
mt/set_10/ambiegen/test-571,2026-08-29T12:44:02.790909+00:00,2026-08-29T12:44:05.613135+00:00,2.8221781253814697,ok,0,stop,354,78,432,0.15
mt/set_10/frenetic/test-916,2026-08-29T12:44:05.613197+00:00,2026-08-29T12:44:08.134028+00:00,2.5207836627960205,ok,0,stop,354,72,426,0.15
mt/set_2/ambiegen/odr/test-632,2026-08-29T12:44:08.134097+00:00,2026-08-29T12:44:10.680093+00:00,2.5459582805633545,ok,0,stop,354,72,426,0.15
mt/set_17/frenetic/test-815,2026-08-29T12:44:10.680131+00:00,2026-08-29T12:44:13.466825+00:00,2.786618232727051,ok,0,stop,353,81,434,0.15
mt/set_11/ambiegen/test-258,2026-08-29T12:44:13.466907+00:00,2026-08-29T12:44:15.914825+00:00,2.4478697776794434,ok,0,stop,354,72,426,0.15
mt/set_16/frenetic/test-586,2026-08-29T12:44:15.914887+00:00,2026-08-29T12:44:18.399803+00:00,2.4848647117614746,ok,0,stop,353,72,425,0.15
mt/set_10/frenetic/test-463,2026-08-29T12:44:18.399855+00:00,2026-08-29T12:44:21.117932+00:00,2.7180371284484863,ok,0,stop,354,78,432,0.15
mt/set_7/frenetic/odr/test-417,2026-08-29T12:44:21.117980+00:00,2026-08-29T12:44:23.768276+00:00,2.6502528190612793,ok,0,stop,353,72,425,0.15
mt/set_12/ambiegen/test-795,2026-08-29T12:44:23.768320+00:00,2026-08-29T12:44:26.447171+00:00,2.678804636001587,ok,0,stop,355,72,427,0.15
mt/set_9/ambiegen/test-371,2026-08-29T12:44:26.447230+00:00,2026-08-29T12:44:29.175981+00:00,2.728701114654541,ok,0,stop,355,78,433,0.15
mt/set_13/frenetic_v/test-810,2026-08-29T12:44:29.176039+00:00,2026-08-29T12:44:32.047913+00:00,2.871821880340576,ok,0,stop,355,77,432,0.15
mt/set_7/frenetic/odr/test-806,2026-08-29T12:44:32.047971+00:00,2026-08-29T12:44:34.605427+00:00,2.5574049949645996,ok,0,stop,354,72,426,0.15
