timestamp,gpu_memory_mb,gpu_memory_percent,gpu_util_percent,gpu_power_w,gpu_temperature_c,cpu_util_percent,ram_used_mb,ram_percent,load_average
2026-08-29T13:01:36,36562,91.0,NA,54.75,41,8.4,94280,18.3,47.59
2026-08-29T13:01:40,36562,91.0,NA,59.55,41,7.9,90151,17.5,44.50
2026-08-29T13:01:43,36562,91.0,NA,52.59,41,21.6,98651,19.1,44.50
2026-08-29T13:01:47,36562,91.0,NA,70.25,42,8.1,90060,17.5,41.65
2026-08-29T13:01:52,36562,91.0,NA,53.76,41,26.1,100378,19.5,39.12
2026-08-29T13:01:55,36562,91.0,NA,55.34,41,12.7,91937,17.8,36.79
2026-08-29T13:01:59,36562,91.0,NA,52.59,41,22.1,107401,20.8,45.05
2026-08-29T13:02:03,36606,91.1,NA,179.83,46,9.1,91761,17.8,45.05
2026-08-29T13:02:06,36606,91.1,NA,177.40,46,8.4,90898,17.6,42.72
2026-08-29T13:02:09,36606,91.1,NA,174.18,46,18.4,93030,18.0,40.18
2026-08-29T13:02:15,36606,91.1,NA,169.63,46,15.5,102005,19.8,38.09
2026-08-29T13:02:19,36606,91.1,NA,175.00,46,15.4,91582,17.8,35.92
2026-08-29T13:02:22,36606,91.1,NA,173.45,46,8.8,93127,18.1,35.92
2026-08-29T13:02:25,36606,91.1,NA,173.66,46,24.7,102811,19.9,44.01
2026-08-29T13:02:29,36606,91.1,NA,178.46,46,9.5,93801,18.2,41.69
2026-08-29T13:02:32,36606,91.1,NA,174.71,46,23.1,109462,21.2,41.69
2026-08-29T13:02:36,36606,91.1,NA,179.06,47,9.5,93440,18.1,39.15
2026-08-29T13:02:39,36606,91.1,NA,71.06,43,20.3,109271,21.2,37.22
2026-08-29T13:02:44,36606,91.1,NA,175.53,47,14.7,93474,18.1,35.44
2026-08-29T13:02:47,36606,91.1,NA,175.53,47,8.9,89876,17.4,35.44
2026-08-29T13:02:51,36606,91.1,NA,174.79,47,22.1,98716,19.1,43.57
2026-08-29T13:02:54,36606,91.1,NA,176.06,47,8.6,88930,17.2,40.88
2026-08-29T13:03:00,36606,91.1,NA,175.77,47,25.0,94654,18.4,38.49
2026-08-29T13:03:03,36606,91.1,NA,175.53,47,8.7,91155,17.7,38.49
2026-08-29T13:03:07,36606,91.1,NA,175.85,47,22.0,99877,19.4,36.29
2026-08-29T13:03:10,36606,91.1,NA,178.77,47,8.6,91041,17.7,34.26
2026-08-29T13:03:14,36606,91.1,NA,175.24,47,21.8,108053,20.9,32.64
2026-08-29T13:03:17,36606,91.1,NA,175.85,47,10.8,91657,17.8,32.64
2026-08-29T13:03:21,36606,91.1,NA,178.46,47,9.2,92153,17.9,31.23
2026-08-29T13:03:24,36606,91.1,NA,180.86,47,18.8,91009,17.6,29.69
2026-08-29T13:03:29,36606,91.1,NA,173.69,47,8.5,91935,17.8,28.19
2026-08-29T13:03:32,36606,91.1,NA,179.80,47,24.3,102258,19.8,28.19
2026-08-29T13:03:36,36606,91.1,NA,178.53,47,9.3,93171,18.1,26.81
2026-08-29T13:03:39,36606,91.1,NA,76.39,44,16.5,97490,18.9,35.64
2026-08-29T13:03:45,36606,91.1,NA,179.80,47,9.1,93010,18.0,33.82
2026-08-29T13:03:48,36606,91.1,NA,174.51,47,25.8,104393,20.2,33.82
2026-08-29T13:03:52,36606,91.1,NA,179.30,47,9.6,93827,18.2,32.00
2026-08-29T13:03:55,36606,91.1,NA,180.40,47,11.3,96058,18.6,30.23
2026-08-29T13:03:59,36606,91.1,NA,174.48,47,22.7,94398,18.3,29.09
2026-08-29T13:04:02,36606,91.1,NA,180.64,48,11.1,92164,17.9,29.09
2026-08-29T13:04:05,36606,91.1,NA,174.27,48,24.4,99134,19.2,27.80
2026-08-29T13:04:09,36606,91.1,NA,176.58,48,8.6,90277,17.5,26.46
2026-08-29T13:04:12,36606,91.1,NA,175.03,47,18.2,103820,20.1,26.46
2026-08-29T13:04:16,36606,91.1,NA,178.53,48,12.3,89351,17.3,25.22
2026-08-29T13:04:19,36606,91.1,NA,178.98,48,8.8,90074,17.5,24.00
2026-08-29T13:04:23,36606,91.1,NA,178.46,48,24.7,100393,19.5,24.00
2026-08-29T13:04:26,36606,91.1,NA,172.60,48,8.5,91600,17.8,23.04
2026-08-29T13:04:30,36606,91.1,NA,179.83,48,22.4,101870,19.7,32.25
2026-08-29T13:04:33,36606,91.1,NA,176.67,48,8.7,91621,17.8,32.25
2026-08-29T13:04:37,36606,91.1,NA,177.72,48,10.1,90500,17.5,30.54
2026-08-29T13:04:40,36606,91.1,NA,176.58,48,22.8,92764,18.0,28.98
2026-08-29T13:04:44,36606,91.1,NA,176.34,48,8.5,92801,18.0,27.62
2026-08-29T13:04:47,36606,91.1,NA,180.11,48,22.0,101532,19.7,27.62
2026-08-29T13:04:51,36606,91.1,NA,178.25,48,9.5,92490,17.9,26.21
2026-08-29T13:04:54,36606,91.1,NA,154.42,48,23.5,112116,21.7,36.20
2026-08-29T13:04:58,36606,91.1,NA,174.71,48,8.7,93133,18.1,36.20
2026-08-29T13:05:01,36606,91.1,NA,174.48,48,9.4,93491,18.1,34.42
2026-08-29T13:05:05,36606,91.1,NA,81.19,46,22.8,102213,19.8,32.79
2026-08-29T13:05:08,36606,91.1,NA,176.06,48,9.4,93311,18.1,32.79
2026-08-29T13:05:11,36606,91.1,NA,178.98,48,25.0,111126,21.5,31.28
2026-08-29T13:05:15,36606,91.1,NA,181.17,48,11.4,93965,18.2,29.98
2026-08-29T13:05:18,36606,91.1,NA,173.90,48,11.1,93079,18.0,29.98
2026-08-29T13:05:22,36606,91.1,NA,178.98,48,22.8,97303,18.9,28.78
2026-08-29T13:05:25,36606,91.1,NA,177.40,48,8.7,89572,17.4,27.27
2026-08-29T13:05:28,36606,91.1,NA,177.72,48,24.6,104032,20.2,27.27
2026-08-29T13:05:32,36606,91.1,NA,180.04,48,8.7,90808,17.6,26.05
2026-08-29T13:05:35,36606,91.1,NA,83.35,46,8.9,89868,17.4,24.77
2026-08-29T13:05:39,36606,91.1,NA,175.03,48,22.0,95445,18.5,24.77
2026-08-29T13:05:42,36606,91.1,NA,180.64,48,8.6,90802,17.6,23.66
2026-08-29T13:05:45,36606,91.1,NA,177.43,48,24.8,103504,20.1,22.57
2026-08-29T13:05:49,36606,91.1,NA,182.49,48,8.5,92052,17.8,21.80
2026-08-29T13:05:52,36606,91.1,NA,182.72,48,8.5,91191,17.7,21.80
2026-08-29T13:05:56,36606,91.1,NA,177.40,48,22.8,93900,18.2,21.34
2026-08-29T13:05:59,36606,91.1,NA,177.19,48,8.7,91891,17.8,20.59
2026-08-29T13:06:02,36606,91.1,NA,180.32,48,23.9,101927,19.8,20.59
2026-08-29T13:06:06,36606,91.1,NA,175.03,48,8.6,93066,18.0,19.98
2026-08-29T13:06:09,36606,91.1,NA,161.38,48,22.3,111660,21.6,19.18
2026-08-29T13:06:13,36606,91.1,NA,179.80,48,8.6,92131,17.9,19.18
2026-08-29T13:06:16,36606,91.1,NA,179.83,48,8.5,91966,17.8,18.61
2026-08-29T13:06:20,36606,91.1,NA,176.14,48,25.6,102795,19.9,18.00
2026-08-29T13:06:23,36606,91.1,NA,177.40,48,9.8,93757,18.2,18.00
2026-08-29T13:06:27,36606,91.1,NA,177.19,48,21.7,106533,20.7,17.36
2026-08-29T13:06:30,36606,91.1,NA,79.85,46,9.5,93477,18.1,17.17
2026-08-29T13:06:33,36606,91.1,NA,177.40,49,11.3,92405,17.9,17.17
2026-08-29T13:06:37,36606,91.1,NA,177.64,49,26.9,100404,19.5,16.91
2026-08-29T13:06:40,36606,91.1,NA,76.92,46,10.1,89870,17.4,16.76
2026-08-29T13:06:44,36606,91.1,NA,171.78,48,21.8,100586,19.5,16.30
2026-08-29T13:06:47,36606,91.1,NA,181.67,49,8.7,89764,17.4,16.30
2026-08-29T13:06:51,36606,91.1,NA,181.38,49,8.4,88807,17.2,15.79
2026-08-29T13:06:54,36606,91.1,NA,162.43,47,25.1,94675,18.4,15.65
2026-08-29T13:06:57,36606,91.1,NA,174.51,49,8.9,90095,17.5,15.44
2026-08-29T13:07:02,36606,91.1,NA,178.74,49,22.0,92874,18.0,15.44
2026-08-29T13:07:06,36606,91.1,NA,176.06,49,8.6,91172,17.7,15.08
2026-08-29T13:07:09,36606,91.1,NA,179.06,48,24.6,101178,19.6,14.76
2026-08-29T13:07:13,36606,91.1,NA,177.72,49,8.6,92386,17.9,14.76
2026-08-29T13:07:16,36606,91.1,NA,179.83,49,15.6,101134,19.6,14.86
2026-08-29T13:07:19,36606,91.1,NA,180.62,49,15.5,91160,17.7,14.87
2026-08-29T13:07:23,36606,91.1,NA,77.21,46,8.6,92404,17.9,14.87
2026-08-29T13:07:26,36606,91.1,NA,177.19,49,24.6,102217,19.8,14.48
2026-08-29T13:07:30,36606,91.1,NA,182.49,49,9.4,93100,18.0,14.20
2026-08-29T13:07:33,36606,91.1,NA,178.53,48,21.7,111007,21.5,14.20
2026-08-29T13:07:36,36606,91.1,NA,177.72,49,9.2,92567,17.9,14.02
2026-08-29T13:07:40,36606,91.1,NA,179.06,49,8.8,92166,17.9,14.10
2026-08-29T13:07:43,36606,91.1,NA,177.93,49,25.4,102959,20.0,14.10
2026-08-29T13:07:47,36606,91.1,NA,177.64,48,9.6,93933,18.2,13.85
2026-08-29T13:07:50,36606,91.1,NA,180.40,49,22.8,107864,20.9,14.10
2026-08-29T13:07:54,36606,91.1,NA,178.22,49,11.4,93489,18.1,14.10
2026-08-29T13:07:57,36606,91.1,NA,182.20,49,11.1,92410,17.9,14.26
2026-08-29T13:08:00,36606,91.1,NA,174.18,49,25.4,96149,18.6,13.91
2026-08-29T13:08:04,36606,91.1,NA,176.34,49,8.8,90195,17.5,13.76
2026-08-29T13:08:07,36606,91.1,NA,181.38,49,22.1,100272,19.4,13.76
2026-08-29T13:08:11,36606,91.1,NA,179.59,49,8.5,90106,17.5,13.86
2026-08-29T13:08:14,36606,91.1,NA,178.22,49,11.2,90256,17.5,13.63
2026-08-29T13:08:18,36606,91.1,NA,180.62,49,22.1,92250,17.9,13.63
2026-08-29T13:08:21,36606,91.1,NA,178.74,49,8.5,91823,17.8,13.42
2026-08-29T13:08:25,36606,91.1,NA,181.17,49,22.0,100656,19.5,13.55
2026-08-29T13:08:28,36606,91.1,NA,180.11,49,8.9,92044,17.8,13.55
2026-08-29T13:08:31,36606,91.1,NA,174.71,49,24.0,111984,21.7,13.42
2026-08-29T13:08:35,36606,91.1,NA,179.59,49,9.4,92914,18.0,13.15
2026-08-29T13:08:38,36606,91.1,NA,179.30,49,8.5,93248,18.1,13.15
2026-08-29T13:08:42,36606,91.1,NA,179.27,49,22.1,102463,19.9,12.98
2026-08-29T13:08:45,36606,91.1,NA,180.32,49,8.6,93703,18.2,12.74
2026-08-29T13:08:49,36606,91.1,NA,181.17,49,25.2,110894,21.5,12.74
2026-08-29T13:08:52,36606,91.1,NA,181.38,49,8.6,94820,18.4,12.68
2026-08-29T13:08:55,36606,91.1,NA,181.38,49,8.9,92603,18.0,12.46
2026-08-29T13:08:59,36606,91.1,NA,176.91,49,22.4,99863,19.4,12.46
2026-08-29T13:09:02,36606,91.1,NA,180.64,49,9.7,93213,18.1,12.51
2026-08-29T13:09:06,36606,91.1,NA,180.64,49,25.6,107011,20.7,12.39
2026-08-29T13:09:09,36606,91.1,NA,179.51,49,9.4,94141,18.3,12.68
2026-08-29T13:09:12,36606,91.1,NA,180.62,49,11.1,93068,18.0,12.68
2026-08-29T13:09:16,36606,91.1,NA,180.93,49,24.5,97921,19.0,12.46
2026-08-29T13:09:19,36606,91.1,NA,179.83,49,9.3,89420,17.3,12.34
2026-08-29T13:09:23,36606,91.1,NA,175.85,49,24.5,99264,19.2,12.34
2026-08-29T13:09:26,36606,91.1,NA,96.69,47,8.7,90592,17.6,12.16
2026-08-29T13:09:29,36606,91.1,NA,170.44,49,15.0,99568,19.3,12.14
2026-08-29T13:09:33,36606,91.1,NA,178.53,49,15.7,89253,17.3,12.14
2026-08-29T13:09:36,36606,91.1,NA,178.98,49,8.5,90882,17.6,11.97
2026-08-29T13:09:40,36606,91.1,NA,175.85,48,24.6,100571,19.5,12.21
2026-08-29T13:09:43,36606,91.1,NA,176.67,49,8.7,91742,17.8,12.21
2026-08-29T13:09:47,36606,91.1,NA,172.03,49,21.0,107706,20.9,12.12
2026-08-29T13:09:50,36606,91.1,NA,96.16,48,8.6,91681,17.8,12.11
2026-08-29T13:09:54,36606,91.1,NA,177.72,49,9.0,90582,17.6,12.11
2026-08-29T13:09:57,36606,91.1,NA,179.51,49,25.3,101699,19.7,11.94
2026-08-29T13:10:00,36606,91.1,NA,183.26,49,8.5,92846,18.0,11.78
2026-08-29T13:10:04,36606,91.1,NA,92.95,46,22.1,106137,20.6,12.12
2026-08-29T13:10:07,36606,91.1,NA,175.57,49,9.5,92497,17.9,12.12
2026-08-29T13:10:11,36606,91.1,NA,164.92,49,20.6,112283,21.8,11.95
2026-08-29T13:10:15,36606,91.1,NA,80.95,46,9.5,92929,18.0,11.79
2026-08-29T13:10:19,36606,91.1,NA,176.06,49,9.5,93449,18.1,11.79
2026-08-29T13:10:22,36606,91.1,NA,180.04,49,22.4,102396,19.9,11.89
2026-08-29T13:10:25,36606,91.1,NA,79.08,47,9.2,93412,18.1,11.74
2026-08-29T13:10:29,36606,91.1,NA,180.32,49,27.3,109240,21.2,12.00
2026-08-29T13:10:32,36606,91.1,NA,178.74,49,11.2,94119,18.2,12.00
2026-08-29T13:10:36,36606,91.1,NA,178.46,49,10.2,88472,17.2,12.16
2026-08-29T13:10:39,36606,91.1,NA,174.18,49,18.8,89389,17.3,12.15
2026-08-29T13:10:44,36606,91.1,NA,174.71,49,8.5,88678,17.2,12.15
2026-08-29T13:10:47,36606,91.1,NA,182.49,49,24.3,99841,19.4,12.22
2026-08-29T13:10:51,36606,91.1,NA,182.72,49,9.1,90923,17.6,12.04
2026-08-29T13:10:54,36606,91.1,NA,182.20,49,16.7,91905,17.8,11.95
2026-08-29T13:11:00,36606,91.1,NA,182.20,49,8.5,90998,17.6,11.80
2026-08-29T13:11:03,36606,91.1,NA,176.58,49,24.6,101025,19.6,11.80
2026-08-29T13:11:07,36606,91.1,NA,87.86,47,8.5,92325,17.9,11.73
2026-08-29T13:11:10,36606,91.1,NA,175.24,49,20.8,109976,21.3,12.00
2026-08-29T13:11:14,36606,91.1,NA,180.11,49,10.1,91134,17.7,12.00
2026-08-29T13:11:17,36606,91.1,NA,181.46,49,8.4,91871,17.8,11.91
2026-08-29T13:11:20,36606,91.1,NA,180.86,49,24.5,102115,19.8,11.76
2026-08-29T13:11:24,36606,91.1,NA,182.49,49,9.4,93117,18.1,11.76
2026-08-29T13:11:27,36606,91.1,NA,180.40,49,22.6,109015,21.1,11.78
2026-08-29T13:11:30,36606,91.1,NA,175.53,49,8.5,92907,18.0,11.80
2026-08-29T13:11:34,36606,91.1,NA,176.58,49,9.7,91874,17.8,11.81
2026-08-29T13:11:37,36606,91.1,NA,181.67,49,25.5,102399,19.9,11.81
2026-08-29T13:11:41,36606,91.1,NA,99.62,46,9.2,93974,18.2,11.67
2026-08-29T13:11:45,36606,91.1,NA,178.01,49,22.4,102588,19.9,11.70
2026-08-29T13:11:48,36606,91.1,NA,178.01,49,11.2,93496,18.1,11.70
2026-08-29T13:11:52,36606,91.1,NA,159.03,49,27.5,112448,21.8,12.04
2026-08-29T13:11:55,36606,91.1,NA,78.26,47,10.7,89383,17.3,12.52
2026-08-29T13:11:59,36606,91.1,NA,180.62,49,8.8,90081,17.5,12.56
2026-08-29T13:12:02,36606,91.1,NA,176.14,49,22.0,98924,19.2,12.56
2026-08-29T13:12:06,36606,91.1,NA,174.79,49,8.7,90129,17.5,12.35
2026-08-29T13:12:09,36606,91.1,NA,178.53,49,20.7,100124,19.4,12.96
2026-08-29T13:12:14,36606,91.1,NA,178.46,49,8.6,91241,17.7,12.96
2026-08-29T13:12:17,36606,91.1,NA,178.46,49,21.3,107443,20.8,12.89
2026-08-29T13:12:21,36606,91.1,NA,178.53,49,8.9,91016,17.6,12.66
2026-08-29T13:12:24,36606,91.1,NA,178.77,49,18.2,102043,19.8,12.76
2026-08-29T13:12:30,36606,91.1,NA,176.38,49,9.2,92329,17.9,12.62
2026-08-29T13:12:33,36606,91.1,NA,179.06,49,16.2,103586,20.1,12.62
2026-08-29T13:12:37,36606,91.1,NA,178.53,49,14.0,91327,17.7,12.41
2026-08-29T13:12:40,36606,91.1,NA,177.40,49,8.5,92246,17.9,12.38
2026-08-29T13:12:44,36606,91.1,NA,179.30,49,25.2,102201,19.8,12.38
2026-08-29T13:12:47,36606,91.1,NA,179.80,49,8.7,93328,18.1,12.27
2026-08-29T13:12:51,36606,91.1,NA,178.74,49,21.9,108035,20.9,12.09
2026-08-29T13:12:54,36606,91.1,NA,177.11,49,9.4,93003,18.0,12.00
2026-08-29T13:12:58,36606,91.1,NA,175.77,49,9.5,92019,17.8,12.00
2026-08-29T13:13:01,36606,91.1,NA,182.27,49,25.8,101310,19.6,11.92
2026-08-29T13:13:04,36606,91.1,NA,181.91,49,9.4,94098,18.2,12.09
2026-08-29T13:13:08,36606,91.1,NA,176.88,49,24.6,104459,20.3,12.09
2026-08-29T13:13:11,36606,91.1,NA,177.40,49,11.3,93483,18.1,12.24
2026-08-29T13:13:15,36606,91.1,NA,178.25,49,9.0,88233,17.1,12.06
2026-08-29T13:13:18,36606,91.1,NA,182.20,49,24.7,94145,18.3,12.06
2026-08-29T13:13:21,36606,91.1,NA,181.99,49,8.7,90512,17.5,12.05
2026-08-29T13:13:25,36606,91.1,NA,180.11,49,22.1,99162,19.2,11.97
2026-08-29T13:13:28,36606,91.1,NA,74.81,47,8.9,90317,17.5,11.97
2026-08-29T13:13:32,36606,91.1,NA,181.14,49,13.2,94385,18.3,11.97
2026-08-29T13:13:35,36606,91.1,NA,181.17,49,19.5,90894,17.6,11.81
2026-08-29T13:13:39,36606,91.1,NA,177.19,49,8.7,92109,17.9,11.81
2026-08-29T13:13:42,36606,91.1,NA,81.48,48,22.1,100529,19.5,11.83
2026-08-29T13:13:45,36606,91.1,NA,178.98,49,8.5,91717,17.8,11.68
2026-08-29T13:13:49,36606,91.1,NA,163.82,49,25.1,111190,21.6,11.68
2026-08-29T13:13:52,36606,91.1,NA,180.11,49,8.7,92193,17.9,11.55
2026-08-29T13:13:56,36606,91.1,NA,182.27,49,8.4,91740,17.8,11.50
2026-08-29T13:13:59,36606,91.1,NA,176.34,49,22.1,101426,19.7,11.70
2026-08-29T13:14:02,36606,91.1,NA,179.06,49,9.3,92488,17.9,11.70
2026-08-29T13:14:06,36606,91.1,NA,98.04,49,24.2,106165,20.6,11.89
2026-08-29T13:14:09,36606,91.1,NA,177.93,49,9.4,93406,18.1,12.14
2026-08-29T13:14:13,36606,91.1,NA,177.72,50,8.9,92566,17.9,12.14
2026-08-29T13:14:16,36606,91.1,NA,178.46,49,21.9,94967,18.4,11.97
2026-08-29T13:14:20,36606,91.1,NA,179.51,49,9.5,93307,18.1,11.89
2026-08-29T13:14:23,36606,91.1,NA,175.24,49,26.3,103155,20.0,11.89
2026-08-29T13:14:27,36606,91.1,NA,176.67,49,11.2,94076,18.2,12.06
2026-08-29T13:14:30,36606,91.1,NA,177.43,49,18.5,104248,20.2,11.97
2026-08-29T13:14:34,36606,91.1,NA,171.78,49,14.4,88425,17.1,11.97
2026-08-29T13:14:37,36606,91.1,NA,181.38,49,8.7,89357,17.3,11.89
2026-08-29T13:14:41,36606,91.1,NA,179.83,49,24.1,99645,19.3,12.06
2026-08-29T13:14:44,36606,91.1,NA,178.53,49,8.5,90850,17.6,12.06
2026-08-29T13:14:48,36606,91.1,NA,180.86,49,22.2,106615,20.7,12.06
2026-08-29T13:14:51,36606,91.1,NA,179.51,50,8.7,90601,17.6,11.89
2026-08-29T13:14:54,36606,91.1,NA,177.40,49,8.4,89815,17.4,11.98
2026-08-29T13:14:58,36606,91.1,NA,181.14,49,24.3,99717,19.3,11.98
2026-08-29T13:15:01,36606,91.1,NA,179.51,50,8.6,92099,17.9,11.98
2026-08-29T13:15:05,36606,91.1,NA,180.62,50,21.8,103447,20.1,11.90
2026-08-29T13:15:08,36606,91.1,NA,182.51,49,9.2,91683,17.8,11.90
2026-08-29T13:15:11,36606,91.1,NA,179.83,50,8.5,90850,17.6,11.75
2026-08-29T13:15:15,36606,91.1,NA,181.17,49,24.8,97876,19.0,11.85
2026-08-29T13:15:18,36606,91.1,NA,180.86,49,8.7,93163,18.1,11.85
2026-08-29T13:15:22,36606,91.1,NA,181.70,50,22.7,101637,19.7,11.94
2026-08-29T13:15:25,36606,91.1,NA,180.93,50,8.7,92821,18.0,12.11
2026-08-29T13:15:28,36606,91.1,NA,168.90,49,16.3,100278,19.4,12.11
2026-08-29T13:15:32,36606,91.1,NA,182.72,50,18.3,92942,18.0,12.02
2026-08-29T13:15:36,36606,91.1,NA,180.11,50,9.2,94235,18.3,11.94
2026-08-29T13:15:39,36606,91.1,NA,177.19,50,23.1,102516,19.9,11.94
2026-08-29T13:15:42,36606,91.1,NA,176.58,49,10.2,93477,18.1,11.86
2026-08-29T13:15:46,36606,91.1,NA,173.90,49,27.0,113291,22.0,12.03
2026-08-29T13:15:49,36606,91.1,NA,80.66,47,10.4,88927,17.2,12.19
2026-08-29T13:15:53,36606,91.1,NA,181.17,50,8.8,90013,17.5,12.19
2026-08-29T13:15:56,36606,91.1,NA,174.71,50,22.1,98884,19.2,22.27
2026-08-29T13:15:59,36606,91.1,NA,176.58,50,8.7,90071,17.5,21.44
2026-08-29T13:16:03,36606,91.1,NA,180.93,49,24.8,107985,20.9,21.44
2026-08-29T13:16:06,36606,91.1,NA,181.70,50,8.9,91113,17.7,20.61
2026-08-29T13:16:10,36606,91.1,NA,181.14,50,8.4,90271,17.5,19.76
2026-08-29T13:16:13,36606,91.1,NA,179.80,50,22.2,98017,19.0,19.76
2026-08-29T13:16:17,36606,91.1,NA,179.06,49,8.6,91324,17.7,19.14
2026-08-29T13:16:20,36606,91.1,NA,180.93,50,24.4,103410,20.0,28.66
2026-08-29T13:16:23,36606,91.1,NA,177.64,50,9.4,92384,17.9,28.66
2026-08-29T13:16:27,36606,91.1,NA,178.46,50,9.1,92406,17.9,27.32
2026-08-29T13:16:30,36606,91.1,NA,178.46,50,21.0,91827,17.8,25.93
2026-08-29T13:16:34,36606,91.1,NA,178.74,50,8.7,92712,18.0,25.93
2026-08-29T13:16:37,36606,91.1,NA,181.17,50,25.3,102241,19.8,24.74
2026-08-29T13:16:41,36606,91.1,NA,180.40,50,8.5,93328,18.1,23.56
2026-08-29T13:16:44,36606,91.1,NA,179.51,50,21.2,109399,21.2,22.71
2026-08-29T13:16:48,36606,91.1,NA,178.74,50,9.5,92999,18.0,22.71
2026-08-29T13:16:51,36606,91.1,NA,179.27,49,9.3,92033,17.8,22.01
2026-08-29T13:16:55,36606,91.1,NA,176.67,50,25.5,102839,19.9,21.53
2026-08-29T13:16:58,36606,91.1,NA,178.22,50,9.3,94112,18.2,21.53
2026-08-29T13:17:02,36606,91.1,NA,174.48,50,24.3,107322,20.8,20.93
2026-08-29T13:17:05,36606,91.1,NA,179.30,49,11.1,93506,18.1,20.45
2026-08-29T13:17:08,36606,91.1,NA,179.51,50,10.0,87981,17.1,20.45
2026-08-29T13:17:12,36606,91.1,NA,181.46,50,24.8,98841,19.2,29.87
2026-08-29T13:17:15,36606,91.1,NA,180.86,48,8.6,90387,17.5,28.44
2026-08-29T13:17:18,36606,91.1,NA,180.64,50,21.7,102515,19.9,28.44
2026-08-29T13:17:22,36606,91.1,NA,180.40,50,8.9,90303,17.5,26.96
2026-08-29T13:17:25,36606,91.1,NA,176.38,50,8.5,89356,17.3,25.76
2026-08-29T13:17:29,36606,91.1,NA,178.01,50,24.6,95921,18.6,25.76
2026-08-29T13:17:32,36606,91.1,NA,178.74,50,8.6,91652,17.8,24.58
2026-08-29T13:17:36,36606,91.1,NA,177.40,50,21.7,100340,19.5,24.13
2026-08-29T13:17:39,36606,91.1,NA,181.17,50,8.7,91618,17.8,24.13
2026-08-29T13:17:42,36606,91.1,NA,125.82,49,15.3,98367,19.1,23.00
2026-08-29T13:17:46,36606,91.1,NA,176.67,50,17.8,91339,17.7,22.12
2026-08-29T13:17:49,36606,91.1,NA,182.49,49,8.4,92850,18.0,21.31
2026-08-29T13:17:53,36606,91.1,NA,176.34,50,22.1,101449,19.7,21.31
2026-08-29T13:17:56,36606,91.1,NA,181.70,50,9.6,92436,17.9,20.56
2026-08-29T13:18:00,36606,91.1,NA,102.83,47,24.5,111020,21.5,29.81
2026-08-29T13:18:03,36606,91.1,NA,180.62,50,8.6,93275,18.1,29.81
2026-08-29T13:18:06,36606,91.1,NA,180.32,50,9.4,92478,17.9,28.70
2026-08-29T13:18:10,36606,91.1,NA,83.35,47,18.0,93179,18.1,27.36
2026-08-29T13:18:15,36606,91.1,NA,177.40,50,9.7,92192,17.9,26.05
2026-08-29T13:18:18,36606,91.1,NA,178.22,50,26.0,101681,19.7,26.05
2026-08-29T13:18:22,36606,91.1,NA,173.13,50,11.3,94120,18.2,24.77
2026-08-29T13:18:25,36606,91.1,NA,175.77,50,23.6,100059,19.4,34.16
2026-08-29T13:18:29,36606,91.1,NA,183.33,50,8.9,89511,17.4,34.16
2026-08-29T13:18:32,36606,91.1,NA,181.70,50,8.6,88605,17.2,32.30
2026-08-29T13:18:35,36606,91.1,NA,179.59,50,24.3,93742,18.2,30.60
2026-08-29T13:18:39,36606,91.1,NA,178.22,50,8.7,91002,17.6,30.60
2026-08-29T13:18:42,36606,91.1,NA,174.51,50,22.5,99530,19.3,29.59
2026-08-29T13:18:46,36606,91.1,NA,179.51,50,8.6,90679,17.6,28.02
2026-08-29T13:18:49,36606,91.1,NA,161.95,49,17.2,100555,19.5,37.15
2026-08-29T13:18:53,36606,91.1,NA,175.57,50,15.4,90822,17.6,37.15
2026-08-29T13:18:56,36606,91.1,NA,182.51,50,8.5,91219,17.7,35.37
2026-08-29T13:19:00,36606,91.1,NA,178.77,50,22.9,100710,19.5,33.50
2026-08-29T13:19:03,36606,91.1,NA,176.88,49,8.5,91853,17.8,33.50
2026-08-29T13:19:07,36606,91.1,NA,178.98,50,24.5,108011,20.9,31.86
2026-08-29T13:19:10,36606,91.1,NA,179.30,50,8.7,93276,18.1,30.11
2026-08-29T13:19:14,36606,91.1,NA,181.91,50,9.2,92308,17.9,30.11
2026-08-29T13:19:17,36606,91.1,NA,175.24,50,22.1,98279,19.1,28.74
2026-08-29T13:19:20,36606,91.1,NA,177.93,50,8.5,93652,18.2,27.24
2026-08-29T13:19:24,36606,91.1,NA,180.40,50,25.9,105383,20.4,27.24
2026-08-29T13:19:27,36606,91.1,NA,180.32,50,9.8,94793,18.4,26.10
2026-08-29T13:19:31,36606,91.1,NA,181.38,50,11.4,97614,18.9,24.81
2026-08-29T13:19:34,36606,91.1,NA,180.11,50,19.9,93619,18.2,24.10
2026-08-29T13:19:38,36606,91.1,NA,178.22,50,11.1,95156,18.4,24.10
2026-08-29T13:19:41,36606,91.1,NA,89.49,46,24.9,104735,20.3,33.86
2026-08-29T13:19:45,36606,91.1,NA,180.93,50,9.2,91629,17.8,32.03
2026-08-29T13:19:48,36606,91.1,NA,177.43,50,21.9,103988,20.2,32.03
2026-08-29T13:19:52,36606,91.1,NA,181.38,50,8.7,90011,17.5,30.51
2026-08-29T13:19:55,36606,91.1,NA,94.05,48,8.4,89274,17.3,28.87
2026-08-29T13:19:59,36606,91.1,NA,175.32,50,24.8,97637,18.9,28.87
2026-08-29T13:20:02,36606,91.1,NA,177.40,50,8.6,91355,17.7,27.43
2026-08-29T13:20:05,36606,91.1,NA,180.62,50,21.6,101230,19.6,26.12
2026-08-29T13:20:09,36606,91.1,NA,180.40,50,8.4,91270,17.7,26.12
2026-08-29T13:20:12,36606,91.1,NA,181.46,50,9.7,90577,17.6,25.07
2026-08-29T13:20:16,36606,91.1,NA,180.62,50,23.8,95636,18.5,23.86
2026-08-29T13:20:19,36606,91.1,NA,175.77,50,9.1,92510,17.9,23.86
2026-08-29T13:20:23,36606,91.1,NA,180.04,50,21.9,101233,19.6,22.91
2026-08-29T13:20:26,36606,91.1,NA,67.85,46,8.2,92329,17.9,22.04
2026-08-29T13:20:30,36606,91.1,NA,179.59,49,25.1,109190,21.2,31.80
2026-08-29T13:20:33,36606,91.1,NA,182.51,50,9.0,93256,18.1,31.80
2026-08-29T13:20:37,36606,91.1,NA,180.64,50,8.5,92438,17.9,30.22
2026-08-29T13:20:40,36606,91.1,NA,79.60,48,22.2,97692,18.9,28.68
2026-08-29T13:20:44,36606,91.1,NA,178.46,50,9.5,93020,18.0,28.68
2026-08-29T13:20:47,36606,91.1,NA,179.06,50,24.5,104441,20.2,27.18
2026-08-29T13:20:51,36606,91.1,NA,176.38,50,9.6,94138,18.3,25.97
2026-08-29T13:20:54,36606,91.1,NA,179.80,49,13.2,97057,18.8,25.97
2026-08-29T13:20:58,36606,91.1,NA,180.04,50,22.3,95012,18.4,25.33
2026-08-29T13:21:01,36606,91.1,NA,177.64,50,10.0,89290,17.3,24.34
2026-08-29T13:21:04,36606,91.1,NA,176.34,49,24.3,99388,19.3,23.51
2026-08-29T13:21:08,36606,91.1,NA,174.27,50,8.7,90504,17.5,23.51
2026-08-29T13:21:11,36606,91.1,NA,162.43,50,16.1,101285,19.6,22.51
2026-08-29T13:21:15,36606,91.1,NA,157.10,50,14.5,89413,17.3,21.59
2026-08-29T13:21:18,36606,91.1,NA,179.30,50,8.4,90326,17.5,21.59
2026-08-29T13:21:22,36606,91.1,NA,176.38,50,24.8,100591,19.5,20.82
2026-08-29T13:21:25,36606,91.1,NA,182.20,50,8.8,91741,17.8,20.03
2026-08-29T13:21:28,36606,91.1,NA,92.95,48,21.9,108116,21.0,20.03
2026-08-29T13:21:32,36606,91.1,NA,181.14,50,8.7,91533,17.7,19.39
2026-08-29T13:21:35,36606,91.1,NA,180.93,50,9.2,90656,17.6,18.72
2026-08-29T13:21:39,36606,91.1,NA,176.34,50,24.3,101458,19.7,18.72
2026-08-29T13:21:42,36606,91.1,NA,176.14,50,8.6,92864,18.0,18.10
2026-08-29T13:21:45,36606,91.1,NA,180.93,50,22.0,106093,20.6,27.94
2026-08-29T13:21:49,36606,91.1,NA,175.00,50,9.4,92501,17.9,27.94
2026-08-29T13:21:52,36606,91.1,NA,181.38,50,8.4,91614,17.8,26.58
2026-08-29T13:21:56,36606,91.1,NA,180.64,50,24.7,99288,19.2,25.34
2026-08-29T13:21:59,36606,91.1,NA,177.11,50,9.5,93868,18.2,25.34
2026-08-29T13:22:02,36606,91.1,NA,181.14,50,22.1,102215,19.8,24.11
2026-08-29T13:22:06,36606,91.1,NA,180.93,50,9.7,93246,18.1,23.14
2026-08-29T13:22:09,36606,91.1,NA,175.32,50,17.3,102460,19.9,32.82
2026-08-29T13:22:13,36606,91.1,NA,93.24,48,18.9,93152,18.1,32.82
2026-08-29T13:22:16,36606,91.1,NA,174.79,50,11.2,93942,18.2,31.07
2026-08-29T13:22:20,36606,91.1,NA,181.99,50,21.9,98552,19.1,29.46
2026-08-29T13:22:23,36606,91.1,NA,177.40,50,8.7,89661,17.4,29.46
2026-08-29T13:22:27,36606,91.1,NA,72.94,46,24.4,108479,21.0,27.98
2026-08-29T13:22:30,36606,91.1,NA,55.34,45,8.2,90161,17.5,26.46
2026-08-29T13:22:34,36606,91.1,NA,59.84,45,8.0,89253,17.3,26.46
2026-08-29T13:22:37,36606,91.1,NA,56.10,45,21.3,98294,19.1,35.24
2026-08-29T13:22:41,36606,91.1,NA,55.28,45,8.0,90297,17.5,33.21
2026-08-29T13:22:44,36606,91.1,NA,56.33,45,23.8,105043,20.4,33.21
2026-08-29T13:22:47,36606,91.1,NA,54.28,45,7.8,91412,17.7,31.68
2026-08-29T13:22:51,36606,91.1,NA,54.46,44,7.7,90621,17.6,29.94
