rank,scenario_id,score,true_outcome
1,mt/set_16/frenetic_v/test-820,1000,PASS
2,mt/set_12/frenetic/test-932,999,PASS
3,mt/set_12/frenetic/test-670,998,PASS
4,mt/set_9/frenetic/test-429,997,PASS
5,mt/set_8/frenetic/odr/test-846,996,FAIL
6,mt/set_13/ambiegen/test-121,995,PASS
7,mt/set_8/ambiegen/odr/test-951,994,PASS
8,mt/set_9/frenetic_v/test-638,993,FAIL
9,mt/set_14/ambiegen/test-644,992,FAIL
10,mt/set_10/ambiegen/test-262,991,PASS
11,mt_set5/ambiegen/test-275,990,PASS
12,mt/set_7/ambiegen/odr/test-456,989,FAIL
13,mt/set_12/ambiegen/test-345,988,PASS
14,mt/set_12/frenetic_v/test-691,987,PASS
15,mt/set_6/frenetic_v/test-621,986,PASS
16,mt/set_7/frenetic/odr/test-715,985,FAIL
17,mt_set5/ambiegen/test-136,984,FAIL
18,mt/set_9/frenetic/test-5,983,PASS
19,mt/set_8/frenetic_v/odr/test-558,982,PASS
20,mt/set_2/ambiegen/odr/test-457,981,PASS
21,mt/set_9/frenetic/test-532,980,PASS
22,mt/set_18/frenetic/test-286,979,PASS
23,mt/set_12/ambiegen/test-257,978,PASS
24,mt/set_12/frenetic_v/test-930,977,FAIL
25,mt_set5/ambiegen/test-315,976,PASS
26,mt/set_7/ambiegen/odr/test-361,975,FAIL
27,mt/set_12/frenetic/test-768,974,PASS
28,mt/set_14/ambiegen/test-23,973,FAIL
29,mt/set_12/ambiegen/test-207,972,FAIL
30,mt/set_9/ambiegen/test-626,971,PASS
31,mt/set_17/ambiegen/test-312,970,FAIL
32,mt/set_6/frenetic_v/test-520,969,PASS
33,mt/set_8/frenetic_v/odr/test-919,968,FAIL
34,mt/set_8/frenetic/odr/test-416,967,PASS
35,mt/set_17/frenetic/test-335,966,FAIL
36,mt/set_13/frenetic/test-854,965,FAIL
37,mt/set_8/frenetic/odr/test-410,964,PASS
38,mt_set5/frenetic_v/test-407,963,PASS
39,mt/set_14/frenetic/test-226,962,PASS
40,mt/set_18/ambiegen/test-350,961,PASS
41,mt/set_11/ambiegen/test-339,960,PASS
42,mt/set_16/frenetic/test-776,959,PASS
43,mt/set_8/frenetic/odr/test-624,958,FAIL
44,mt_set5/frenetic_v/test-117,957,FAIL
45,mt/set_9/ambiegen/test-22,956,FAIL
46,mt/set_7/ambiegen/odr/test-186,955,FAIL
47,mt/set_14/ambiegen/test-653,954,PASS
48,mt/set_8/frenetic_v/odr/test-751,953,PASS
49,mt/set_11/frenetic/test-633,952,FAIL
50,mt/set_8/frenetic_v/odr/test-865,951,PASS
51,mt/set_8/frenetic/odr/test-494,950,PASS
52,mt/set_7/frenetic_v/odr/test-302,949,PASS
53,mt/set_10/frenetic/test-57,948,FAIL
54,mt/set_17/frenetic_v/test-717,947,PASS
55,mt/set_12/frenetic/test-500,946,PASS
56,mt/set_12/frenetic_v/test-849,945,FAIL
57,mt/set_16/frenetic/test-448,944,FAIL
58,mt_set6/frenetic/test-376,943,FAIL
59,mt/set_11/frenetic_v/test-747,942,FAIL
60,mt/set_10/frenetic/test-339,941,PASS
61,mt_set5/frenetic_v/test-434,940,PASS
62,mt/set_8/ambiegen/odr/test-515,939,FAIL
63,mt/set_18/ambiegen/test-46,938,FAIL
64,mt/set_8/frenetic_v/odr/test-417,937,PASS
65,mt/set_12/frenetic_v/test-154,936,FAIL
66,mt/set_10/frenetic_v/test-119,935,PASS
67,mt/set_2/ambiegen/odr/test-716,934,PASS
68,mt/set_14/ambiegen/test-675,933,PASS
69,mt/set_11/frenetic_v/test-655,932,FAIL
70,mt/set_11/ambiegen/test-890,931,PASS
71,mt/set_9/frenetic_v/test-529,930,PASS
72,mt/set_7/ambiegen/odr/test-251,929,FAIL
73,mt/set_14/ambiegen/test-218,928,PASS
74,mt/set_11/frenetic_v/test-511,927,PASS
75,mt/set_16/frenetic_v/test-721,926,PASS
76,mt/set_13/ambiegen/test-929,925,PASS
77,mt/set_10/frenetic_v/test-76,924,FAIL
78,mt/set_8/frenetic/odr/test-422,923,PASS
79,mt_set5/frenetic_v/test-559,922,PASS
80,mt/set_18/ambiegen/test-152,921,FAIL
81,mt_set5/frenetic_v/test-255,920,PASS
82,mt/set_6/frenetic_v/test-25,919,PASS
83,mt/set_18/ambiegen/test-777,918,FAIL
84,mt_set5/frenetic/test-749,917,FAIL
85,mt/set_8/ambiegen/odr/test-457,916,PASS
86,mt/set_7/frenetic_v/odr/test-341,915,PASS
87,mt/set_7/ambiegen/odr/test-289,914,FAIL
88,mt/set_8/frenetic_v/odr/test-716,913,FAIL
89,mt/set_6/frenetic_v/test-938,912,PASS
90,mt/set_13/frenetic/test-679,911,FAIL
91,mt/set_2/ambiegen/odr/test-115,910,PASS
92,mt/set_11/ambiegen/test-544,909,PASS
93,mt/set_9/frenetic_v/test-679,908,PASS
94,mt/set_12/ambiegen/test-92,907,PASS
95,mt/set_9/frenetic/test-438,906,FAIL
96,mt/set_11/frenetic_v/test-112,905,FAIL
97,mt_set5/frenetic/test-813,904,PASS
98,mt/set_7/ambiegen/odr/test-189,903,PASS
99,mt/set_7/frenetic/odr/test-896,902,PASS
100,mt/set_11/frenetic_v/test-54,901,PASS
101,mt/set_11/frenetic_v/test-386,900,FAIL
102,mt/set_13/frenetic_v/test-668,899,PASS
103,mt/set_18/ambiegen/test-684,898,PASS
104,mt/set_11/frenetic/test-499,897,FAIL
105,mt/set_14/frenetic_v/test-846,896,PASS
106,mt/set_18/ambiegen/test-774,895,FAIL
107,mt_set5/frenetic_v/test-29,894,PASS
108,mt/set_14/frenetic_v/test-655,893,PASS
109,mt/set_10/ambiegen/test-302,892,PASS
110,mt/set_16/frenetic/test-326,891,PASS
111,mt_set5/frenetic_v/test-77,890,PASS
112,mt/set_11/frenetic_v/test-530,889,PASS
113,mt/set_17/ambiegen/test-890,888,PASS
114,mt/set_17/frenetic/test-781,887,FAIL
115,mt/set_18/frenetic/test-589,886,FAIL
116,mt/set_2/ambiegen/odr/test-127,885,FAIL
117,mt/set_7/frenetic/odr/test-140,884,FAIL
118,mt/set_12/frenetic/test-247,883,PASS
119,mt/set_13/ambiegen/test-747,882,FAIL
120,mt/set_14/frenetic/test-875,881,PASS
121,mt/set_14/frenetic/test-698,880,FAIL
122,mt/set_2/ambiegen/odr/test-260,879,PASS
123,mt/set_16/ambiegen/test-646,878,FAIL
124,mt/set_9/frenetic_v/test-729,877,PASS
125,mt_set6/frenetic/test-492,876,FAIL
126,mt_set5/frenetic_v/test-456,875,PASS
127,mt/set_18/ambiegen/test-326,874,FAIL
128,mt/set_11/frenetic_v/test-350,873,PASS
129,mt/set_10/frenetic_v/test-670,872,PASS
130,mt/set_8/ambiegen/odr/test-358,871,FAIL
131,mt/set_16/frenetic/test-837,870,FAIL
132,mt/set_14/frenetic_v/test-634,869,PASS
133,mt/set_11/ambiegen/test-450,868,PASS
134,mt_set5/ambiegen/test-352,867,PASS
135,mt/set_18/frenetic/test-174,866,PASS
136,mt/set_16/ambiegen/test-674,865,FAIL
137,mt/set_11/frenetic_v/test-336,864,PASS
138,mt/set_16/frenetic/test-498,863,PASS
139,mt_set5/frenetic/test-515,862,PASS
140,mt/set_12/frenetic_v/test-541,861,FAIL
141,mt/set_10/ambiegen/test-455,860,PASS
142,mt/set_7/ambiegen/odr/test-750,859,FAIL
143,mt/set_14/frenetic/test-66,858,PASS
144,mt/set_11/frenetic_v/test-928,857,FAIL
145,mt/set_16/frenetic/test-931,856,FAIL
146,mt/set_9/frenetic/test-398,855,PASS
147,mt/set_18/ambiegen/test-2,854,PASS
148,mt/set_9/frenetic_v/test-210,853,FAIL
149,mt/set_11/frenetic_v/test-244,852,FAIL
150,mt_set5/ambiegen/test-497,851,PASS
151,mt/set_17/frenetic_v/test-411,850,FAIL
152,mt/set_10/frenetic_v/test-766,849,PASS
153,mt/set_16/frenetic/test-213,848,PASS
154,mt/set_8/frenetic_v/odr/test-636,847,PASS
155,mt_set5/frenetic/test-0,846,FAIL
156,mt/set_9/frenetic/test-66,845,FAIL
157,mt/set_11/ambiegen/test-903,844,PASS
158,mt/set_13/frenetic/test-857,843,FAIL
159,mt/set_11/frenetic_v/test-705,842,PASS
160,mt/set_17/ambiegen/test-551,841,PASS
161,mt/set_6/frenetic_v/test-722,840,FAIL
162,mt/set_13/ambiegen/test-100,839,PASS
163,mt_set6/frenetic/test-126,838,PASS
164,mt/set_8/ambiegen/odr/test-549,837,FAIL
165,mt/set_6/frenetic_v/test-759,836,PASS
166,mt/set_14/frenetic_v/test-196,835,PASS
167,mt/set_13/frenetic/test-496,834,FAIL
168,mt/set_10/ambiegen/test-920,833,FAIL
169,mt/set_7/ambiegen/odr/test-363,832,PASS
170,mt/set_18/frenetic/test-892,831,FAIL
171,mt_set5/frenetic/test-763,830,PASS
172,mt/set_9/frenetic_v/test-119,829,FAIL
173,mt/set_14/frenetic/test-444,828,PASS
174,mt/set_2/ambiegen/odr/test-431,827,FAIL
175,mt/set_14/ambiegen/test-475,826,PASS
176,mt/set_16/frenetic_v/test-384,825,PASS
177,mt/set_17/frenetic/test-531,824,FAIL
178,mt/set_8/frenetic/odr/test-118,823,PASS
179,mt_set6/frenetic/test-494,822,PASS
180,mt/set_9/ambiegen/test-647,821,PASS
181,mt/set_16/ambiegen/test-62,820,PASS
182,mt/set_8/frenetic/odr/test-507,819,FAIL
183,mt_set5/frenetic_v/test-816,818,PASS
184,mt/set_16/frenetic/test-720,817,PASS
185,mt/set_18/frenetic/test-594,816,PASS
186,mt/set_18/frenetic_v/test-228,815,PASS
187,mt/set_7/frenetic_v/odr/test-872,814,FAIL
188,mt/set_8/frenetic_v/odr/test-583,813,FAIL
189,mt/set_12/frenetic_v/test-262,812,FAIL
190,mt/set_17/ambiegen/test-876,811,PASS
191,mt/set_13/frenetic/test-853,810,PASS
192,mt/set_12/frenetic/test-501,809,FAIL
193,mt/set_11/frenetic_v/test-914,808,PASS
194,mt/set_14/frenetic_v/test-507,807,PASS
195,mt/set_7/frenetic_v/odr/test-259,806,PASS
196,mt/set_14/frenetic_v/test-374,805,PASS
197,mt/set_10/frenetic/test-630,804,FAIL
198,mt/set_2/ambiegen/odr/test-519,803,PASS
199,mt/set_11/ambiegen/test-754,802,FAIL
200,mt_set6/frenetic/test-187,801,PASS
201,mt/set_12/ambiegen/test-930,800,PASS
202,mt/set_14/ambiegen/test-865,799,FAIL
203,mt/set_16/frenetic/test-930,798,PASS
204,mt/set_14/frenetic_v/test-207,797,FAIL
205,mt/set_16/frenetic_v/test-88,796,FAIL
206,mt_set5/frenetic/test-827,795,PASS
207,mt/set_13/frenetic/test-374,794,FAIL
208,mt/set_14/ambiegen/test-442,793,PASS
209,mt/set_14/ambiegen/test-416,792,FAIL
210,mt/set_17/ambiegen/test-55,791,FAIL
211,mt/set_13/frenetic/test-25,790,PASS
212,mt/set_11/ambiegen/test-746,789,FAIL
213,mt/set_9/ambiegen/test-140,788,PASS
214,mt/set_9/frenetic_v/test-378,787,PASS
215,mt_set5/ambiegen/test-568,786,PASS
216,mt/set_6/frenetic_v/test-815,785,PASS
217,mt/set_13/frenetic_v/test-774,784,PASS
218,mt_set6/frenetic/test-659,783,PASS
219,mt/set_9/ambiegen/test-630,782,FAIL
220,mt/set_12/ambiegen/test-665,781,PASS
221,mt/set_16/frenetic_v/test-20,780,PASS
222,mt/set_9/frenetic/test-504,779,PASS
223,mt/set_18/frenetic/test-27,778,PASS
224,mt/set_2/ambiegen/odr/test-417,777,FAIL
225,mt/set_10/frenetic/test-283,776,PASS
226,mt/set_11/ambiegen/test-647,775,PASS
227,mt/set_10/frenetic_v/test-713,774,PASS
228,mt/set_16/ambiegen/test-4,773,FAIL
229,mt/set_17/frenetic_v/test-327,772,FAIL
230,mt/set_10/ambiegen/test-757,771,PASS
231,mt/set_18/frenetic_v/test-125,770,PASS
232,mt/set_7/ambiegen/odr/test-845,769,FAIL
233,mt/set_9/frenetic/test-3,768,PASS
234,mt/set_6/frenetic_v/test-384,767,PASS
235,mt/set_6/frenetic_v/test-334,766,PASS
236,mt/set_12/frenetic_v/test-807,765,PASS
237,mt/set_17/ambiegen/test-910,764,FAIL
238,mt/set_9/ambiegen/test-912,763,FAIL
239,mt/set_11/frenetic/test-922,762,FAIL
240,mt/set_16/frenetic/test-948,761,FAIL
241,mt/set_13/frenetic/test-862,760,FAIL
242,mt/set_14/frenetic_v/test-896,759,PASS
243,mt/set_18/ambiegen/test-746,758,PASS
244,mt/set_17/frenetic/test-538,757,FAIL
245,mt/set_9/frenetic_v/test-159,756,FAIL
246,mt/set_9/frenetic_v/test-241,755,PASS
247,mt/set_6/frenetic_v/test-900,754,PASS
248,mt/set_8/frenetic/odr/test-169,753,PASS
249,mt/set_11/frenetic/test-544,752,FAIL
250,mt/set_13/ambiegen/test-312,751,FAIL
251,mt/set_17/ambiegen/test-131,750,PASS
252,mt/set_10/ambiegen/test-197,749,FAIL
253,mt/set_18/frenetic_v/test-7,748,PASS
254,mt/set_13/ambiegen/test-401,747,FAIL
255,mt/set_12/frenetic_v/test-628,746,FAIL
256,mt/set_17/frenetic/test-32,745,PASS
257,mt/set_12/ambiegen/test-485,744,FAIL
258,mt/set_2/ambiegen/odr/test-682,743,FAIL
259,mt/set_17/frenetic_v/test-202,742,PASS
260,mt/set_10/ambiegen/test-812,741,PASS
261,mt_set6/frenetic/test-133,740,PASS
262,mt_set5/frenetic/test-765,739,FAIL
263,mt/set_9/ambiegen/test-747,738,FAIL
264,mt/set_17/ambiegen/test-748,737,FAIL
265,mt/set_10/frenetic/test-551,736,FAIL
266,mt/set_10/frenetic/test-47,735,PASS
267,mt/set_13/frenetic_v/test-351,734,PASS
268,mt/set_8/frenetic_v/odr/test-178,733,PASS
269,mt/set_12/frenetic_v/test-148,732,PASS
270,mt/set_16/frenetic_v/test-182,731,PASS
271,mt/set_14/ambiegen/test-330,730,PASS
272,mt/set_9/frenetic_v/test-351,729,PASS
273,mt/set_2/ambiegen/odr/test-276,728,PASS
274,mt/set_17/ambiegen/test-566,727,PASS
275,mt/set_10/ambiegen/test-537,726,PASS
276,mt/set_12/ambiegen/test-748,725,FAIL
277,mt/set_9/ambiegen/test-707,724,FAIL
278,mt/set_17/frenetic_v/test-538,723,PASS
279,mt/set_11/frenetic_v/test-618,722,FAIL
280,mt/set_11/frenetic_v/test-409,721,PASS
281,mt/set_14/ambiegen/test-775,720,PASS
282,mt_set5/frenetic_v/test-128,719,PASS
283,mt/set_10/ambiegen/test-765,718,FAIL
284,mt/set_13/ambiegen/test-201,717,FAIL
285,mt/set_14/frenetic_v/test-344,716,PASS
286,mt/set_17/ambiegen/test-839,715,PASS
287,mt/set_8/frenetic/odr/test-590,714,PASS
288,mt_set5/frenetic/test-738,713,PASS
289,mt/set_10/ambiegen/test-922,712,FAIL
290,mt/set_12/ambiegen/test-787,711,FAIL
291,mt/set_13/frenetic/test-184,710,PASS
292,mt/set_2/ambiegen/odr/test-87,709,FAIL
293,mt/set_9/ambiegen/test-447,708,PASS
294,mt/set_13/ambiegen/test-939,707,PASS
295,mt/set_13/frenetic/test-457,706,PASS
296,mt/set_10/frenetic_v/test-404,705,PASS
297,mt/set_14/ambiegen/test-267,704,FAIL
298,mt/set_11/ambiegen/test-726,703,PASS
299,mt/set_7/frenetic_v/odr/test-506,702,FAIL
300,mt/set_17/frenetic/test-549,701,FAIL
301,mt/set_14/ambiegen/test-134,700,PASS
302,mt/set_2/ambiegen/odr/test-289,699,PASS
303,mt/set_17/frenetic/test-127,698,FAIL
304,mt/set_7/frenetic_v/odr/test-721,697,PASS
305,mt/set_6/frenetic_v/test-637,696,PASS
306,mt/set_14/frenetic_v/test-458,695,FAIL
307,mt/set_13/frenetic_v/test-90,694,PASS
308,mt/set_13/ambiegen/test-150,693,FAIL
309,mt/set_14/frenetic_v/test-416,692,PASS
310,mt/set_16/frenetic/test-531,691,PASS
311,mt/set_18/frenetic/test-195,690,PASS
312,mt/set_16/frenetic/test-570,689,FAIL
313,mt/set_17/ambiegen/test-540,688,FAIL
314,mt/set_17/frenetic_v/test-654,687,PASS
315,mt/set_8/ambiegen/odr/test-217,686,FAIL
316,mt/set_12/frenetic/test-614,685,FAIL
317,mt/set_2/ambiegen/odr/test-119,684,PASS
318,mt_set5/frenetic/test-745,683,PASS
319,mt/set_12/ambiegen/test-847,682,PASS
320,mt/set_17/ambiegen/test-840,681,PASS
321,mt/set_7/frenetic/odr/test-179,680,PASS
322,mt/set_9/frenetic_v/test-324,679,PASS
323,mt/set_7/ambiegen/odr/test-235,678,FAIL
324,mt/set_7/frenetic_v/odr/test-638,677,PASS
325,mt/set_16/ambiegen/test-595,676,FAIL
326,mt/set_2/ambiegen/odr/test-182,675,FAIL
327,mt/set_7/ambiegen/odr/test-223,674,PASS
328,mt_set5/frenetic_v/test-137,673,FAIL
329,mt/set_8/ambiegen/odr/test-606,672,FAIL
330,mt/set_14/frenetic/test-187,671,PASS
331,mt/set_10/ambiegen/test-593,670,FAIL
332,mt/set_10/frenetic/test-611,669,PASS
333,mt/set_10/frenetic_v/test-572,668,FAIL
334,mt/set_10/frenetic/test-517,667,PASS
335,mt/set_10/ambiegen/test-520,666,FAIL
336,mt/set_8/frenetic_v/odr/test-208,665,PASS
337,mt_set5/ambiegen/test-102,664,PASS
338,mt_set6/frenetic/test-674,663,FAIL
339,mt/set_13/frenetic_v/test-613,662,PASS
340,mt_set5/ambiegen/test-19,661,PASS
341,mt/set_12/frenetic/test-100,660,PASS
342,mt/set_12/ambiegen/test-525,659,PASS
343,mt/set_17/ambiegen/test-653,658,FAIL
344,mt/set_12/ambiegen/test-722,657,FAIL
345,mt/set_14/frenetic_v/test-612,656,FAIL
346,mt/set_17/frenetic_v/test-632,655,PASS
347,mt/set_7/frenetic_v/odr/test-734,654,PASS
348,mt/set_7/frenetic_v/odr/test-569,653,PASS
349,mt/set_14/ambiegen/test-505,652,PASS
350,mt/set_14/ambiegen/test-222,651,PASS
351,mt/set_12/frenetic_v/test-799,650,PASS
352,mt/set_17/frenetic/test-841,649,PASS
353,mt/set_11/frenetic/test-927,648,FAIL
354,mt/set_13/frenetic/test-46,647,PASS
355,mt/set_11/ambiegen/test-876,646,FAIL
356,mt/set_10/frenetic_v/test-316,645,PASS
357,mt/set_12/ambiegen/test-754,644,PASS
358,mt/set_18/frenetic/test-147,643,FAIL
359,mt_set5/frenetic/test-668,642,PASS
360,mt/set_10/frenetic_v/test-42,641,FAIL
361,mt/set_13/ambiegen/test-22,640,FAIL
362,mt/set_14/ambiegen/test-98,639,FAIL
363,mt_set5/frenetic/test-416,638,PASS
364,mt/set_12/ambiegen/test-349,637,FAIL
365,mt/set_6/frenetic_v/test-646,636,PASS
366,mt/set_16/frenetic_v/test-530,635,PASS
367,mt/set_2/ambiegen/odr/test-593,634,PASS
368,mt/set_11/frenetic/test-152,633,PASS
369,mt/set_16/ambiegen/test-186,632,FAIL
370,mt/set_17/ambiegen/test-584,631,FAIL
371,mt_set5/ambiegen/test-32,630,FAIL
372,mt/set_8/frenetic_v/odr/test-451,629,PASS
373,mt/set_13/frenetic_v/test-860,628,PASS
374,mt/set_17/frenetic/test-694,627,PASS
375,mt/set_17/frenetic_v/test-354,626,FAIL
376,mt_set5/ambiegen/test-964,625,PASS
377,mt/set_7/frenetic_v/odr/test-815,624,FAIL
378,mt/set_11/frenetic_v/test-641,623,PASS
379,mt/set_13/ambiegen/test-140,622,PASS
380,mt/set_7/frenetic_v/odr/test-570,621,PASS
381,mt/set_18/ambiegen/test-399,620,PASS
382,mt_set5/frenetic_v/test-79,619,FAIL
383,mt/set_16/ambiegen/test-656,618,FAIL
384,mt/set_10/ambiegen/test-78,617,PASS
385,mt/set_12/frenetic_v/test-620,616,PASS
386,mt_set5/ambiegen/test-57,615,FAIL
387,mt/set_7/frenetic_v/odr/test-723,614,FAIL
388,mt_set5/frenetic/test-529,613,PASS
389,mt/set_13/frenetic_v/test-139,612,PASS
390,mt/set_11/ambiegen/test-680,611,FAIL
391,mt/set_11/frenetic_v/test-859,610,PASS
392,mt/set_12/frenetic/test-902,609,FAIL
393,mt/set_11/frenetic_v/test-807,608,PASS
394,mt_set6/frenetic/test-618,607,PASS
395,mt/set_16/frenetic/test-929,606,PASS
396,mt/set_16/frenetic/test-919,605,FAIL
397,mt/set_14/ambiegen/test-754,604,PASS
398,mt/set_18/frenetic/test-454,603,PASS
399,mt/set_10/frenetic/test-348,602,PASS
400,mt_set6/frenetic/test-837,601,PASS
401,mt_set5/frenetic/test-331,600,FAIL
402,mt/set_14/frenetic/test-529,599,FAIL
403,mt/set_13/frenetic/test-214,598,PASS
404,mt/set_17/frenetic_v/test-552,597,PASS
405,mt/set_16/frenetic_v/test-10,596,FAIL
406,mt/set_7/ambiegen/odr/test-784,595,FAIL
407,mt/set_8/ambiegen/odr/test-198,594,PASS
408,mt/set_10/frenetic_v/test-503,593,PASS
409,mt/set_11/ambiegen/test-918,592,PASS
410,mt/set_17/frenetic/test-188,591,FAIL
411,mt_set5/frenetic_v/test-708,590,PASS
412,mt/set_9/frenetic/test-340,589,PASS
413,mt/set_8/frenetic_v/odr/test-711,588,PASS
414,mt/set_16/frenetic/test-42,587,PASS
415,mt/set_13/frenetic_v/test-95,586,PASS
416,mt_set5/frenetic_v/test-39,585,PASS
417,mt/set_16/ambiegen/test-99,584,PASS
418,mt/set_14/frenetic/test-889,583,PASS
419,mt/set_18/frenetic/test-256,582,PASS
420,mt/set_10/frenetic_v/test-260,581,PASS
421,mt/set_7/ambiegen/odr/test-237,580,FAIL
422,mt/set_17/frenetic/test-341,579,PASS
423,mt/set_17/frenetic/test-846,578,FAIL
424,mt/set_12/ambiegen/test-285,577,PASS
425,mt/set_12/frenetic/test-132,576,FAIL
426,mt/set_16/frenetic/test-821,575,PASS
427,mt_set5/ambiegen/test-240,574,PASS
428,mt/set_13/frenetic_v/test-337,573,FAIL
429,mt/set_11/ambiegen/test-146,572,FAIL
430,mt/set_18/frenetic_v/test-68,571,PASS
431,mt/set_7/frenetic/odr/test-422,570,PASS
432,mt/set_10/ambiegen/test-339,569,FAIL
433,mt/set_13/frenetic_v/test-102,568,PASS
434,mt/set_9/ambiegen/test-816,567,PASS
435,mt/set_11/frenetic/test-136,566,PASS
436,mt/set_9/frenetic/test-154,565,PASS
437,mt/set_14/ambiegen/test-808,564,PASS
438,mt/set_7/ambiegen/odr/test-538,563,PASS
439,mt/set_11/ambiegen/test-558,562,FAIL
440,mt/set_14/ambiegen/test-541,561,FAIL
441,mt/set_16/ambiegen/test-405,560,PASS
442,mt_set5/ambiegen/test-802,559,FAIL
443,mt/set_13/frenetic_v/test-458,558,PASS
444,mt/set_11/ambiegen/test-269,557,PASS
445,mt/set_13/ambiegen/test-93,556,FAIL
446,mt/set_8/ambiegen/odr/test-455,555,PASS
447,mt/set_11/frenetic/test-129,554,PASS
448,mt/set_13/ambiegen/test-372,553,PASS
449,mt/set_7/frenetic/odr/test-208,552,PASS
450,mt/set_12/ambiegen/test-896,551,PASS
451,mt/set_14/frenetic_v/test-936,550,FAIL
452,mt/set_14/ambiegen/test-901,549,FAIL
453,mt/set_8/frenetic_v/odr/test-930,548,FAIL
454,mt/set_7/frenetic_v/odr/test-54,547,PASS
455,mt_set5/frenetic/test-818,546,PASS
456,mt/set_7/frenetic/odr/test-124,545,PASS
457,mt/set_10/ambiegen/test-516,544,FAIL
458,mt/set_16/frenetic/test-672,543,PASS
459,mt/set_9/frenetic_v/test-785,542,PASS
460,mt/set_2/ambiegen/odr/test-92,541,PASS
461,mt_set6/frenetic/test-173,540,PASS
462,mt/set_13/frenetic_v/test-395,539,FAIL
463,mt_set5/frenetic_v/test-710,538,FAIL
464,mt/set_13/frenetic_v/test-779,537,PASS
465,mt/set_8/frenetic/odr/test-841,536,PASS
466,mt/set_7/frenetic/odr/test-135,535,FAIL
467,mt/set_9/ambiegen/test-798,534,PASS
468,mt/set_10/frenetic_v/test-525,533,FAIL
469,mt/set_11/frenetic_v/test-195,532,PASS
470,mt/set_10/ambiegen/test-884,531,PASS
471,mt/set_9/ambiegen/test-58,530,PASS
472,mt/set_14/frenetic_v/test-129,529,PASS
473,mt/set_17/ambiegen/test-350,528,PASS
474,mt/set_7/frenetic/odr/test-150,527,PASS
475,mt/set_14/frenetic_v/test-638,526,PASS
476,mt/set_9/frenetic_v/test-404,525,FAIL
477,mt/set_13/frenetic/test-75,524,PASS
478,mt/set_8/ambiegen/odr/test-531,523,PASS
479,mt/set_17/ambiegen/test-823,522,PASS
480,mt/set_2/ambiegen/odr/test-835,521,PASS
481,mt/set_10/ambiegen/test-49,520,PASS
482,mt/set_18/frenetic_v/test-191,519,PASS
483,mt/set_13/frenetic/test-304,518,PASS
484,mt_set5/frenetic_v/test-854,517,FAIL
485,mt/set_14/frenetic/test-655,516,PASS
486,mt/set_10/frenetic/test-535,515,PASS
487,mt/set_16/frenetic_v/test-81,514,PASS
488,mt/set_18/frenetic/test-797,513,PASS
489,mt/set_18/frenetic_v/test-242,512,PASS
490,mt/set_9/frenetic_v/test-781,511,FAIL
491,mt/set_10/frenetic_v/test-289,510,PASS
492,mt/set_14/frenetic_v/test-487,509,FAIL
493,mt/set_12/frenetic_v/test-217,508,FAIL
494,mt_set5/frenetic_v/test-663,507,PASS
495,mt/set_17/ambiegen/test-934,506,FAIL
496,mt/set_7/ambiegen/odr/test-705,505,FAIL
497,mt/set_18/frenetic_v/test-223,504,PASS
498,mt/set_8/frenetic_v/odr/test-480,503,PASS
499,mt/set_10/ambiegen/test-756,502,PASS
500,mt/set_10/ambiegen/test-563,501,FAIL
501,mt/set_18/ambiegen/test-155,500,PASS
502,mt/set_14/frenetic/test-334,499,FAIL
503,mt/set_11/frenetic_v/test-781,498,PASS
504,mt/set_17/ambiegen/test-122,497,PASS
505,mt/set_10/frenetic/test-775,496,PASS
506,mt/set_17/frenetic/test-352,495,PASS
507,mt/set_10/frenetic_v/test-627,494,PASS
508,mt/set_8/ambiegen/odr/test-330,493,PASS
509,mt/set_13/frenetic_v/test-388,492,PASS
510,mt_set5/ambiegen/test-615,491,PASS
511,mt/set_8/ambiegen/odr/test-209,490,FAIL
512,mt/set_7/frenetic/odr/test-9,489,PASS
513,mt_set5/frenetic/test-433,488,PASS
514,mt/set_7/frenetic/odr/test-274,487,PASS
515,mt/set_11/ambiegen/test-406,486,FAIL
516,mt/set_18/frenetic/test-656,485,FAIL
517,mt/set_11/frenetic_v/test-163,484,FAIL
518,mt_set6/frenetic/test-632,483,FAIL
519,mt/set_16/frenetic_v/test-689,482,PASS
520,mt/set_7/ambiegen/odr/test-106,481,FAIL
521,mt/set_16/ambiegen/test-598,480,FAIL
522,mt/set_12/frenetic_v/test-660,479,PASS
523,mt/set_10/ambiegen/test-485,478,PASS
524,mt/set_16/frenetic_v/test-319,477,PASS
525,mt/set_9/ambiegen/test-734,476,FAIL
526,mt/set_8/frenetic/odr/test-663,475,PASS
527,mt/set_7/frenetic_v/odr/test-251,474,PASS
528,mt/set_11/frenetic_v/test-187,473,FAIL
529,mt/set_11/frenetic/test-390,472,PASS
530,mt/set_17/frenetic/test-6,471,PASS
531,mt/set_12/frenetic_v/test-932,470,FAIL
532,mt/set_18/frenetic/test-591,469,PASS
533,mt/set_16/frenetic/test-668,468,PASS
534,mt/set_12/frenetic_v/test-751,467,PASS
535,mt/set_11/ambiegen/test-930,466,FAIL
536,mt/set_7/ambiegen/odr/test-859,465,FAIL
537,mt/set_8/frenetic_v/odr/test-545,464,PASS
538,mt/set_10/ambiegen/test-160,463,PASS
539,mt/set_2/ambiegen/odr/test-34,462,FAIL
540,mt/set_8/ambiegen/odr/test-950,461,PASS
541,mt/set_14/frenetic/test-176,460,FAIL
542,mt/set_8/frenetic/odr/test-252,459,PASS
543,mt/set_11/ambiegen/test-527,458,FAIL
544,mt/set_7/frenetic/odr/test-372,457,PASS
545,mt/set_11/frenetic/test-392,456,FAIL
546,mt/set_16/ambiegen/test-552,455,PASS
547,mt/set_18/frenetic/test-865,454,PASS
548,mt/set_14/ambiegen/test-312,453,FAIL
549,mt/set_14/frenetic_v/test-613,452,FAIL
550,mt/set_17/frenetic_v/test-341,451,FAIL
551,mt/set_18/ambiegen/test-359,450,PASS
552,mt/set_11/frenetic/test-892,449,PASS
553,mt/set_17/ambiegen/test-418,448,PASS
554,mt/set_6/frenetic_v/test-265,447,PASS
555,mt/set_16/frenetic/test-361,446,PASS
556,mt/set_9/frenetic/test-317,445,FAIL
557,mt/set_2/ambiegen/odr/test-4,444,FAIL
558,mt/set_11/ambiegen/test-902,443,PASS
559,mt/set_11/frenetic/test-837,442,PASS
560,mt/set_17/frenetic/test-198,441,PASS
561,mt_set5/frenetic_v/test-862,440,PASS
562,mt/set_7/frenetic_v/odr/test-169,439,FAIL
563,mt/set_9/frenetic/test-36,438,FAIL
564,mt/set_10/frenetic_v/test-428,437,PASS
565,mt/set_17/frenetic_v/test-59,436,FAIL
566,mt/set_18/ambiegen/test-560,435,FAIL
567,mt/set_16/ambiegen/test-286,434,FAIL
568,mt_set5/frenetic_v/test-13,433,PASS
569,mt/set_16/frenetic_v/test-297,432,PASS
570,mt/set_10/frenetic/test-761,431,PASS
571,mt/set_14/frenetic_v/test-775,430,PASS
572,mt/set_18/ambiegen/test-412,429,PASS
573,mt/set_16/frenetic_v/test-495,428,PASS
574,mt/set_9/frenetic_v/test-720,427,PASS
575,mt_set5/frenetic/test-213,426,PASS
576,mt/set_16/frenetic/test-63,425,FAIL
577,mt/set_13/ambiegen/test-321,424,PASS
578,mt/set_7/frenetic_v/odr/test-469,423,FAIL
579,mt/set_9/frenetic_v/test-880,422,FAIL
580,mt/set_12/frenetic/test-502,421,FAIL
581,mt_set6/frenetic/test-824,420,FAIL
582,mt/set_10/frenetic_v/test-9,419,FAIL
583,mt/set_12/frenetic/test-138,418,PASS
584,mt/set_12/frenetic/test-23,417,FAIL
585,mt_set5/frenetic/test-178,416,FAIL
586,mt/set_6/frenetic_v/test-376,415,FAIL
587,mt/set_14/ambiegen/test-49,414,PASS
588,mt/set_14/frenetic/test-826,413,FAIL
589,mt/set_10/frenetic/test-354,412,PASS
590,mt/set_12/frenetic/test-617,411,FAIL
591,mt/set_8/ambiegen/odr/test-702,410,FAIL
592,mt/set_13/ambiegen/test-581,409,FAIL
593,mt/set_17/frenetic/test-793,408,PASS
594,mt/set_16/ambiegen/test-942,407,FAIL
595,mt/set_14/frenetic/test-441,406,FAIL
596,mt/set_17/frenetic/test-761,405,PASS
597,mt/set_11/frenetic/test-824,404,PASS
598,mt/set_8/frenetic_v/odr/test-111,403,PASS
599,mt/set_13/ambiegen/test-621,402,PASS
600,mt/set_9/ambiegen/test-79,401,FAIL
601,mt/set_9/frenetic_v/test-935,400,PASS
602,mt/set_13/frenetic/test-626,399,PASS
603,mt/set_17/ambiegen/test-785,398,PASS
604,mt_set5/frenetic/test-146,397,PASS
605,mt/set_12/frenetic/test-208,396,PASS
606,mt/set_7/frenetic/odr/test-624,395,PASS
607,mt/set_11/frenetic_v/test-321,394,FAIL
608,mt/set_10/frenetic/test-902,393,FAIL
609,mt/set_13/ambiegen/test-438,392,FAIL
610,mt/set_7/frenetic_v/odr/test-254,391,FAIL
611,mt_set5/ambiegen/test-737,390,FAIL
612,mt_set5/ambiegen/test-674,389,PASS
613,mt/set_14/frenetic/test-891,388,PASS
614,mt/set_9/frenetic_v/test-71,387,PASS
615,mt_set5/frenetic_v/test-759,386,FAIL
616,mt_set5/frenetic_v/test-813,385,PASS
617,mt/set_10/frenetic_v/test-715,384,FAIL
618,mt/set_14/frenetic/test-277,383,PASS
619,mt/set_11/frenetic/test-725,382,PASS
620,mt/set_14/ambiegen/test-85,381,FAIL
621,mt/set_13/frenetic_v/test-277,380,FAIL
622,mt/set_11/frenetic/test-872,379,PASS
623,mt/set_11/frenetic_v/test-733,378,FAIL
624,mt/set_8/frenetic_v/odr/test-698,377,FAIL
625,mt/set_10/ambiegen/test-343,376,FAIL
626,mt/set_11/ambiegen/test-845,375,PASS
627,mt/set_18/frenetic/test-509,374,FAIL
628,mt_set6/frenetic/test-690,373,PASS
629,mt/set_10/frenetic/test-637,372,FAIL
630,mt/set_17/ambiegen/test-608,371,FAIL
631,mt/set_14/ambiegen/test-476,370,PASS
632,mt/set_12/frenetic_v/test-680,369,PASS
633,mt/set_10/ambiegen/test-353,368,PASS
634,mt/set_18/ambiegen/test-341,367,PASS
635,mt/set_8/ambiegen/odr/test-953,366,FAIL
636,mt/set_9/frenetic/test-336,365,PASS
637,mt/set_9/ambiegen/test-208,364,PASS
638,mt/set_2/ambiegen/odr/test-395,363,PASS
639,mt/set_12/ambiegen/test-339,362,PASS
640,mt/set_7/frenetic_v/odr/test-556,361,PASS
641,mt/set_10/frenetic_v/test-618,360,PASS
642,mt/set_16/ambiegen/test-638,359,FAIL
643,mt/set_11/frenetic/test-506,358,FAIL
644,mt/set_16/frenetic_v/test-358,357,FAIL
645,mt_set5/ambiegen/test-723,356,PASS
646,mt/set_18/frenetic_v/test-157,355,PASS
647,mt/set_8/frenetic_v/odr/test-880,354,PASS
648,mt/set_10/ambiegen/test-721,353,FAIL
649,mt/set_7/ambiegen/odr/test-767,352,PASS
650,mt/set_9/frenetic/test-90,351,FAIL
651,mt/set_17/ambiegen/test-733,350,FAIL
652,mt/set_18/frenetic/test-41,349,PASS
653,mt/set_7/frenetic_v/odr/test-869,348,PASS
654,mt_set5/frenetic/test-474,347,FAIL
655,mt/set_13/frenetic_v/test-46,346,PASS
656,mt/set_9/frenetic_v/test-88,345,PASS
657,mt/set_11/ambiegen/test-667,344,PASS
658,mt/set_8/ambiegen/odr/test-410,343,PASS
659,mt/set_9/frenetic/test-696,342,FAIL
660,mt/set_17/ambiegen/test-493,341,PASS
661,mt/set_14/ambiegen/test-746,340,PASS
662,mt/set_17/frenetic/test-548,339,PASS
663,mt/set_11/frenetic_v/test-797,338,FAIL
664,mt/set_10/frenetic_v/test-612,337,FAIL
665,mt/set_17/frenetic/test-138,336,FAIL
666,mt/set_16/ambiegen/test-397,335,FAIL
667,mt/set_14/ambiegen/test-294,334,PASS
668,mt/set_16/ambiegen/test-718,333,PASS
669,mt/set_11/frenetic/test-168,332,PASS
670,mt/set_8/ambiegen/odr/test-483,331,PASS
671,mt/set_16/frenetic_v/test-371,330,PASS
672,mt/set_10/frenetic/test-489,329,FAIL
673,mt/set_18/frenetic/test-648,328,PASS
674,mt/set_9/frenetic_v/test-426,327,FAIL
675,mt/set_13/frenetic_v/test-935,326,PASS
676,mt/set_16/ambiegen/test-731,325,PASS
677,mt/set_18/frenetic/test-760,324,FAIL
678,mt/set_2/ambiegen/odr/test-465,323,PASS
679,mt/set_7/ambiegen/odr/test-952,322,PASS
680,mt/set_8/frenetic_v/odr/test-29,321,PASS
681,mt/set_14/frenetic_v/test-153,320,PASS
682,mt/set_16/frenetic_v/test-608,319,FAIL
683,mt/set_11/frenetic/test-851,318,FAIL
684,mt/set_17/ambiegen/test-152,317,PASS
685,mt/set_17/ambiegen/test-820,316,FAIL
686,mt/set_14/frenetic/test-861,315,PASS
687,mt/set_7/ambiegen/odr/test-426,314,PASS
688,mt/set_11/frenetic_v/test-642,313,FAIL
689,mt/set_8/frenetic_v/odr/test-669,312,PASS
690,mt_set6/frenetic/test-587,311,FAIL
691,mt_set5/frenetic_v/test-293,310,PASS
692,mt/set_11/ambiegen/test-239,309,FAIL
693,mt_set5/frenetic/test-324,308,PASS
694,mt/set_7/frenetic_v/odr/test-154,307,PASS
695,mt/set_8/frenetic/odr/test-475,306,PASS
696,mt/set_13/frenetic_v/test-465,305,PASS
697,mt/set_18/ambiegen/test-703,304,FAIL
698,mt/set_7/frenetic_v/odr/test-589,303,PASS
699,mt/set_8/frenetic_v/odr/test-127,302,PASS
700,mt/set_13/frenetic/test-888,301,PASS
701,mt/set_14/frenetic/test-680,300,FAIL
702,mt_set5/frenetic_v/test-680,299,FAIL
703,mt/set_7/frenetic/odr/test-11,298,PASS
704,mt/set_13/frenetic/test-162,297,PASS
705,mt/set_17/frenetic/test-486,296,PASS
706,mt/set_7/frenetic_v/odr/test-937,295,PASS
707,mt/set_17/frenetic_v/test-194,294,PASS
708,mt/set_8/ambiegen/odr/test-936,293,FAIL
709,mt/set_10/frenetic/test-207,292,PASS
710,mt/set_9/ambiegen/test-892,291,FAIL
711,mt/set_17/ambiegen/test-189,290,FAIL
712,mt/set_14/frenetic_v/test-152,289,FAIL
713,mt/set_13/frenetic_v/test-772,288,PASS
714,mt/set_8/frenetic_v/odr/test-215,287,FAIL
715,mt/set_8/frenetic/odr/test-529,286,PASS
716,mt/set_17/frenetic_v/test-507,285,PASS
717,mt/set_9/frenetic/test-858,284,PASS
718,mt/set_16/frenetic/test-453,283,PASS
719,mt/set_8/frenetic/odr/test-322,282,PASS
720,mt/set_16/ambiegen/test-153,281,FAIL
721,mt/set_13/frenetic/test-314,280,PASS
722,mt/set_7/frenetic/odr/test-728,279,FAIL
723,mt_set5/frenetic_v/test-109,278,FAIL
724,mt/set_8/frenetic/odr/test-46,277,PASS
725,mt/set_13/frenetic_v/test-564,276,PASS
726,mt/set_11/frenetic/test-40,275,PASS
727,mt/set_11/ambiegen/test-729,274,FAIL
728,mt/set_10/frenetic/test-316,273,PASS
729,mt/set_2/ambiegen/odr/test-96,272,PASS
730,mt/set_18/ambiegen/test-70,271,PASS
731,mt/set_11/frenetic_v/test-787,270,FAIL
732,mt/set_16/frenetic_v/test-776,269,PASS
733,mt/set_18/ambiegen/test-262,268,PASS
734,mt/set_8/frenetic/odr/test-650,267,FAIL
735,mt/set_18/ambiegen/test-528,266,FAIL
736,mt/set_18/ambiegen/test-97,265,FAIL
737,mt/set_13/frenetic/test-101,264,FAIL
738,mt/set_16/frenetic/test-633,263,PASS
739,mt/set_12/ambiegen/test-63,262,PASS
740,mt/set_9/frenetic/test-12,261,PASS
741,mt_set6/frenetic/test-867,260,FAIL
742,mt/set_6/frenetic_v/test-934,259,PASS
743,mt/set_16/frenetic/test-387,258,PASS
744,mt/set_8/frenetic/odr/test-229,257,PASS
745,mt/set_14/frenetic_v/test-895,256,PASS
746,mt/set_9/ambiegen/test-256,255,PASS
747,mt/set_9/frenetic_v/test-442,254,PASS
748,mt/set_12/frenetic_v/test-764,253,PASS
749,mt_set5/frenetic_v/test-206,252,PASS
750,mt/set_16/frenetic/test-687,251,PASS
751,mt/set_18/frenetic_v/test-70,250,PASS
752,mt/set_14/frenetic_v/test-391,249,PASS
753,mt/set_13/ambiegen/test-843,248,PASS
754,mt_set5/frenetic/test-611,247,FAIL
755,mt/set_7/ambiegen/odr/test-388,246,FAIL
756,mt/set_11/frenetic/test-669,245,PASS
757,mt_set5/ambiegen/test-169,244,FAIL
758,mt/set_13/ambiegen/test-288,243,FAIL
759,mt_set5/ambiegen/test-658,242,PASS
760,mt_set5/ambiegen/test-731,241,FAIL
761,mt/set_9/frenetic_v/test-382,240,FAIL
762,mt/set_6/frenetic_v/test-152,239,FAIL
763,mt/set_16/frenetic/test-810,238,FAIL
764,mt/set_16/ambiegen/test-662,237,PASS
765,mt/set_2/ambiegen/odr/test-350,236,FAIL
766,mt/set_16/frenetic/test-832,235,FAIL
767,mt/set_13/frenetic/test-886,234,PASS
768,mt/set_2/ambiegen/odr/test-751,233,PASS
769,mt/set_9/frenetic_v/test-469,232,PASS
770,mt/set_8/frenetic/odr/test-639,231,FAIL
771,mt/set_16/ambiegen/test-438,230,FAIL
772,mt/set_8/frenetic/odr/test-549,229,FAIL
773,mt/set_8/frenetic/odr/test-787,228,PASS
774,mt/set_9/frenetic/test-16,227,PASS
775,mt/set_14/frenetic_v/test-625,226,PASS
776,mt/set_9/frenetic_v/test-697,225,PASS
777,mt/set_9/frenetic_v/test-473,224,PASS
778,mt/set_13/frenetic_v/test-172,223,PASS
779,mt/set_9/frenetic/test-140,222,FAIL
780,mt/set_14/frenetic_v/test-229,221,FAIL
781,mt/set_12/frenetic_v/test-677,220,FAIL
782,mt/set_18/frenetic/test-801,219,PASS
783,mt/set_11/frenetic_v/test-189,218,PASS
784,mt/set_16/frenetic_v/test-853,217,PASS
785,mt/set_14/frenetic_v/test-535,216,PASS
786,mt/set_12/ambiegen/test-561,215,FAIL
787,mt_set5/ambiegen/test-358,214,PASS
788,mt/set_9/frenetic_v/test-83,213,FAIL
789,mt/set_8/ambiegen/odr/test-723,212,PASS
790,mt/set_17/frenetic/test-377,211,FAIL
791,mt/set_7/ambiegen/odr/test-838,210,FAIL
792,mt/set_7/frenetic/odr/test-798,209,FAIL
793,mt/set_8/frenetic/odr/test-686,208,PASS
794,mt_set5/ambiegen/test-335,207,PASS
795,mt/set_11/frenetic_v/test-553,206,PASS
796,mt/set_11/frenetic_v/test-673,205,PASS
797,mt/set_9/ambiegen/test-825,204,FAIL
798,mt/set_8/ambiegen/odr/test-461,203,FAIL
799,mt/set_12/frenetic/test-889,202,FAIL
800,mt/set_9/frenetic_v/test-238,201,FAIL
801,mt/set_13/ambiegen/test-707,200,PASS
802,mt/set_9/frenetic/test-109,199,PASS
803,mt/set_13/frenetic/test-617,198,PASS
804,mt/set_12/ambiegen/test-140,197,FAIL
805,mt/set_17/frenetic_v/test-676,196,PASS
806,mt/set_7/ambiegen/odr/test-762,195,PASS
807,mt/set_7/frenetic/odr/test-383,194,FAIL
808,mt/set_13/frenetic/test-49,193,PASS
809,mt/set_17/frenetic/test-870,192,PASS
810,mt_set5/frenetic_v/test-149,191,FAIL
811,mt/set_8/frenetic_v/odr/test-86,190,PASS
812,mt/set_6/frenetic_v/test-453,189,FAIL
813,mt/set_2/ambiegen/odr/test-335,188,PASS
814,mt/set_6/frenetic_v/test-226,187,PASS
815,mt/set_13/frenetic/test-56,186,FAIL
816,mt/set_12/frenetic_v/test-241,185,PASS
817,mt_set5/ambiegen/test-225,184,FAIL
818,mt/set_11/ambiegen/test-484,183,FAIL
819,mt/set_16/frenetic_v/test-527,182,FAIL
820,mt/set_18/frenetic/test-369,181,PASS
821,mt/set_11/frenetic_v/test-742,180,PASS
822,mt/set_13/frenetic/test-94,179,PASS
823,mt/set_8/frenetic_v/odr/test-567,178,FAIL
824,mt/set_9/frenetic/test-468,177,PASS
825,mt/set_9/ambiegen/test-587,176,PASS
826,mt/set_17/frenetic_v/test-638,175,FAIL
827,mt/set_2/ambiegen/odr/test-749,174,PASS
828,mt/set_17/frenetic_v/test-539,173,PASS
829,mt/set_9/frenetic/test-268,172,PASS
830,mt/set_14/frenetic/test-562,171,FAIL
831,mt/set_8/frenetic_v/odr/test-495,170,PASS
832,mt/set_7/frenetic_v/odr/test-114,169,PASS
833,mt/set_17/ambiegen/test-236,168,FAIL
834,mt/set_13/frenetic_v/test-783,167,FAIL
835,mt/set_7/frenetic_v/odr/test-182,166,FAIL
836,mt/set_9/ambiegen/test-130,165,FAIL
837,mt/set_16/ambiegen/test-564,164,PASS
838,mt/set_12/frenetic/test-926,163,FAIL
839,mt/set_17/ambiegen/test-544,162,PASS
840,mt/set_12/ambiegen/test-173,161,PASS
841,mt/set_13/frenetic_v/test-890,160,PASS
842,mt_set5/frenetic_v/test-877,159,PASS
843,mt/set_9/ambiegen/test-505,158,FAIL
844,mt/set_13/ambiegen/test-536,157,FAIL
845,mt/set_16/frenetic/test-685,156,PASS
846,mt/set_2/ambiegen/odr/test-344,155,PASS
847,mt_set5/ambiegen/test-843,154,PASS
848,mt/set_13/frenetic/test-107,153,PASS
849,mt/set_7/frenetic/odr/test-365,152,PASS
850,mt/set_16/frenetic/test-294,151,FAIL
851,mt/set_12/ambiegen/test-646,150,PASS
852,mt/set_18/ambiegen/test-404,149,FAIL
853,mt/set_9/ambiegen/test-738,148,PASS
854,mt/set_8/ambiegen/odr/test-617,147,FAIL
855,mt/set_10/frenetic_v/test-308,146,FAIL
856,mt_set5/frenetic_v/test-367,145,PASS
857,mt/set_6/frenetic_v/test-619,144,PASS
858,mt/set_18/ambiegen/test-823,143,PASS
859,mt/set_13/ambiegen/test-299,142,PASS
860,mt/set_16/ambiegen/test-352,141,FAIL
861,mt/set_8/frenetic/odr/test-206,140,PASS
862,mt/set_12/frenetic/test-604,139,FAIL
863,mt/set_12/frenetic/test-847,138,FAIL
864,mt/set_10/frenetic/test-595,137,PASS
865,mt/set_18/frenetic/test-122,136,FAIL
866,mt/set_6/frenetic_v/test-868,135,PASS
867,mt/set_10/ambiegen/test-406,134,FAIL
868,mt/set_13/ambiegen/test-20,133,FAIL
869,mt_set5/frenetic/test-565,132,PASS
870,mt/set_10/frenetic_v/test-254,131,PASS
871,mt/set_14/ambiegen/test-466,130,PASS
872,mt/set_18/ambiegen/test-394,129,PASS
873,mt/set_16/frenetic_v/test-375,128,PASS
874,mt/set_9/frenetic/test-755,127,PASS
875,mt/set_8/ambiegen/odr/test-930,126,PASS
876,mt/set_18/frenetic_v/test-29,125,PASS
877,mt/set_18/frenetic/test-893,124,PASS
878,mt/set_17/frenetic_v/test-456,123,PASS
879,mt_set6/frenetic/test-934,122,PASS
880,mt/set_17/ambiegen/test-661,121,PASS
881,mt/set_9/ambiegen/test-349,120,PASS
882,mt/set_16/ambiegen/test-792,119,PASS
883,mt/set_12/frenetic_v/test-1,118,FAIL
884,mt_set5/frenetic/test-748,117,PASS
885,mt/set_7/ambiegen/odr/test-86,116,FAIL
886,mt/set_16/frenetic_v/test-318,115,PASS
887,mt/set_9/frenetic_v/test-11,114,FAIL
888,mt/set_12/frenetic/test-9,113,PASS
889,mt/set_8/frenetic_v/odr/test-744,112,PASS
890,mt_set5/frenetic/test-154,111,FAIL
891,mt/set_10/frenetic_v/test-281,110,FAIL
892,mt/set_16/frenetic_v/test-863,109,FAIL
893,mt/set_17/ambiegen/test-509,108,FAIL
894,mt/set_7/ambiegen/odr/test-516,107,FAIL
895,mt/set_8/ambiegen/odr/test-325,106,FAIL
896,mt/set_2/ambiegen/odr/test-39,105,PASS
897,mt_set5/frenetic/test-243,104,PASS
898,mt_set5/frenetic/test-337,103,FAIL
899,mt/set_8/frenetic/odr/test-667,102,PASS
900,mt/set_6/frenetic_v/test-672,101,PASS
901,mt_set5/frenetic/test-566,100,PASS
902,mt/set_7/ambiegen/odr/test-331,99,PASS
903,mt_set6/frenetic/test-395,98,PASS
904,mt_set6/frenetic/test-120,97,FAIL
905,mt/set_2/ambiegen/odr/test-627,96,PASS
906,mt/set_17/frenetic/test-268,95,PASS
907,mt/set_10/ambiegen/test-192,94,FAIL
908,mt_set6/frenetic/test-310,93,PASS
909,mt_set6/frenetic/test-536,92,FAIL
910,mt/set_11/ambiegen/test-57,91,PASS
911,mt_set5/frenetic/test-361,90,PASS
912,mt/set_7/frenetic/odr/test-467,89,PASS
913,mt/set_10/frenetic/test-545,88,PASS
914,mt/set_18/frenetic/test-353,87,FAIL
915,mt_set6/frenetic/test-529,86,PASS
916,mt/set_16/ambiegen/test-804,85,FAIL
917,mt/set_10/frenetic_v/test-451,84,PASS
918,mt/set_16/ambiegen/test-105,83,FAIL
919,mt_set6/frenetic/test-530,82,PASS
920,mt/set_12/ambiegen/test-33,81,PASS
921,mt_set6/frenetic/test-147,80,PASS
922,mt/set_16/ambiegen/test-744,79,FAIL
923,mt/set_17/ambiegen/test-768,78,FAIL
924,mt/set_13/frenetic_v/test-387,77,PASS
925,mt/set_11/frenetic/test-640,76,PASS
926,mt_set5/ambiegen/test-438,75,FAIL
927,mt/set_11/frenetic/test-384,74,PASS
928,mt/set_10/ambiegen/test-275,73,FAIL
929,mt_set5/ambiegen/test-48,72,PASS
930,mt_set5/ambiegen/test-623,71,PASS
931,mt/set_17/frenetic/test-861,70,FAIL
932,mt/set_16/ambiegen/test-625,69,PASS
933,mt/set_8/ambiegen/odr/test-137,68,FAIL
934,mt/set_10/frenetic_v/test-393,67,PASS
935,mt/set_8/frenetic/odr/test-373,66,FAIL
936,mt/set_9/ambiegen/test-69,65,PASS
937,mt/set_18/frenetic/test-683,64,PASS
938,mt/set_8/frenetic_v/odr/test-203,63,FAIL
939,mt/set_7/frenetic_v/odr/test-412,62,PASS
940,mt/set_11/frenetic/test-822,61,PASS
941,mt/set_9/frenetic/test-421,60,PASS
942,mt/set_13/ambiegen/test-832,59,FAIL
943,mt/set_18/frenetic_v/test-234,58,FAIL
944,mt/set_8/frenetic_v/odr/test-709,57,PASS
945,mt/set_2/ambiegen/odr/test-512,56,FAIL
946,mt/set_8/frenetic/odr/test-644,55,PASS
947,mt/set_8/ambiegen/odr/test-347,54,FAIL
948,mt_set5/frenetic_v/test-789,53,PASS
949,mt/set_13/ambiegen/test-537,52,FAIL
950,mt/set_8/frenetic_v/odr/test-239,51,FAIL
951,mt/set_11/frenetic/test-944,50,PASS
952,mt_set5/frenetic/test-403,49,PASS
953,mt/set_14/frenetic/test-673,48,FAIL
954,mt/set_9/ambiegen/test-386,47,FAIL
955,mt/set_14/frenetic_v/test-932,46,PASS
956,mt/set_12/frenetic/test-461,45,PASS
957,mt/set_8/frenetic/odr/test-218,44,PASS
958,mt/set_16/frenetic_v/test-521,43,FAIL
959,mt/set_7/frenetic/odr/test-349,42,PASS
960,mt/set_16/ambiegen/test-629,41,PASS
961,mt/set_9/ambiegen/test-61,40,FAIL
962,mt/set_9/ambiegen/test-18,39,PASS
963,mt/set_10/frenetic_v/test-32,38,PASS
964,mt/set_12/frenetic/test-803,37,PASS
965,mt/set_10/frenetic_v/test-718,36,PASS
966,mt/set_16/ambiegen/test-30,35,PASS
967,mt/set_10/frenetic_v/test-808,34,FAIL
968,mt_set5/ambiegen/test-249,33,FAIL
969,mt/set_16/ambiegen/test-777,32,FAIL
970,mt/set_16/frenetic_v/test-504,31,PASS
971,mt/set_17/frenetic/test-751,30,PASS
972,mt/set_14/frenetic/test-767,29,PASS
973,mt/set_16/ambiegen/test-329,28,PASS
974,mt/set_12/frenetic_v/test-638,27,PASS
975,mt/set_16/frenetic/test-166,26,FAIL
976,mt/set_11/frenetic_v/test-67,25,PASS
977,mt/set_13/frenetic_v/test-582,24,PASS
978,mt/set_16/frenetic/test-306,23,FAIL
979,mt_set5/frenetic_v/test-666,22,PASS
980,mt/set_17/frenetic/test-937,21,FAIL
981,mt/set_16/ambiegen/test-300,20,FAIL
982,mt/set_17/ambiegen/test-222,19,PASS
983,mt/set_11/frenetic/test-326,18,PASS
984,mt/set_12/ambiegen/test-195,17,PASS
985,mt/set_12/frenetic/test-756,16,PASS
986,mt_set6/frenetic/test-276,15,FAIL
987,mt/set_9/ambiegen/test-901,14,PASS
988,mt/set_13/frenetic_v/test-802,13,PASS
989,mt/set_6/frenetic_v/test-215,12,PASS
990,mt/set_13/frenetic_v/test-287,11,PASS
991,mt/set_10/frenetic_v/test-381,10,FAIL
992,mt/set_8/frenetic_v/odr/test-483,9,PASS
993,mt/set_10/frenetic_v/test-365,8,PASS
994,mt/set_7/ambiegen/odr/test-446,7,FAIL
995,mt/set_13/frenetic/test-175,6,PASS
996,mt/set_10/frenetic/test-140,5,FAIL
997,mt/set_13/frenetic_v/test-912,4,PASS
998,mt/set_10/frenetic/test-201,3,PASS
999,mt_set6/frenetic/test-865,2,PASS
1000,mt/set_18/ambiegen/test-794,1,FAIL
